movie_clip,val_bin,aro_bin,val_actual,aro_actual,Happy,Worried,Calm,Excited,Quiet,Amused,Curious,Confused,Serious,Surprise,val_bin_code,aro_bin_code,val_bin_pred,aro_bin_pred
Gifted/Gifted_035,mid,mid,0.67,0.78,0,0,0,1,0,0,0,1,0,1,1,1,mid,mid
Gifted/Gifted_020,mid,mid,0.67,0.78,0,0,0,1,0,0,0,1,0,1,1,1,mid,mid
Gifted/Gifted_063,high,high,0.8,0.88,0,0,0,1,0,0,0,0,0,1,0,0,high,high
Gifted/Gifted_039,mid,mid,0.67,0.78,0,0,0,1,0,0,0,1,0,1,1,1,mid,mid
Gifted/Gifted_010,mid,mid,0.67,0.78,0,0,0,1,0,0,0,1,0,1,1,1,mid,mid
Gifted/Gifted_022,high,high,0.8,0.88,0,0,0,1,0,0,0,0,0,1,0,0,high,high
Gifted/Gifted_028,high,high,0.8,0.88,0,0,0,1,0,0,0,0,0,1,0,0,high,high
Gifted/Gifted_009,high,mid,0.8,0.78,0,0,0,1,0,1,0,0,0,1,0,1,high,mid
Gifted/Gifted_005,mid,mid,0.67,0.78,0,0,0,1,0,0,0,1,0,1,1,1,mid,mid
Gifted/Gifted_013,high,mid,0.8,0.78,0,0,0,1,0,1,0,0,0,1,0,1,high,mid
Gifted/Gifted_002,mid,mid,0.7,0.74,0,0,0,1,0,1,0,1,0,1,1,1,mid,mid
Gifted/Gifted_062,mid,mid,0.7,0.74,0,0,0,1,0,1,0,1,0,1,1,1,mid,mid
Gifted/Gifted_026,mid,mid,0.7,0.72,0,0,0,1,0,0,0,0,1,1,1,1,high,mid
Gifted/Gifted_052,mid,mid,0.67,0.78,0,0,0,1,0,0,0,1,0,1,1,1,mid,mid
Gifted/Gifted_000,high,high,0.8,0.88,0,0,0,1,0,0,0,0,0,1,0,0,high,high
Gifted/Gifted_049,mid,mid,0.67,0.78,0,0,0,1,0,0,0,1,0,1,1,1,mid,mid
Gifted/Gifted_015,mid,mid,0.7,0.74,0,0,0,1,0,1,0,1,0,1,1,1,mid,mid
Gifted/Gifted_036,high,high,0.8,0.88,0,0,0,1,0,0,0,0,0,1,0,0,high,high
Gifted/Gifted_007,high,high,0.8,0.88,0,0,0,1,0,0,0,0,0,1,0,0,high,high
Gifted/Gifted_042,mid,mid,0.62,0.69,0,0,0,1,0,0,0,1,1,1,1,1,mid,mid
Gifted/Gifted_004,high,high,0.8,0.88,0,0,0,1,0,0,0,0,0,1,0,0,high,high
Gifted/Gifted_040,high,mid,0.8,0.78,0,0,0,1,0,1,0,0,0,1,0,1,high,mid
Gifted/Gifted_060,mid,mid,0.67,0.78,0,0,0,1,0,0,0,1,0,1,1,1,mid,mid
Gifted/Gifted_065,mid,mid,0.67,0.78,0,0,0,1,0,0,0,1,0,1,1,1,mid,mid
Gifted/Gifted_058,high,high,0.8,0.88,0,0,0,1,0,0,0,0,0,1,0,0,high,high
Gifted/Gifted_023,high,high,0.8,0.88,0,0,0,1,0,0,0,0,0,1,0,0,high,high
Gifted/Gifted_014,mid,mid,0.67,0.78,0,0,0,1,0,0,0,1,0,1,1,1,mid,mid
Gifted/Gifted_012,high,high,0.8,0.88,0,0,0,1,0,0,0,0,0,1,0,0,high,high
Gifted/Gifted_037,high,high,0.8,0.88,0,0,0,1,0,0,0,0,0,1,0,0,high,high
Gifted/Gifted_032,high,high,0.8,0.88,0,0,0,1,0,0,0,0,0,1,0,0,high,high
Gifted/Gifted_044,mid,mid,0.7,0.72,0,0,0,1,0,0,0,0,1,1,1,1,high,mid
Gifted/Gifted_029,mid,mid,0.67,0.78,0,0,0,1,0,0,0,1,0,1,1,1,mid,mid
Gifted/Gifted_006,mid,mid,0.67,0.78,0,0,0,1,0,0,0,1,0,1,1,1,mid,mid
Gifted/Gifted_050,high,mid,0.8,0.78,0,0,0,1,0,1,0,0,0,1,0,1,high,mid
Gifted/Gifted_018,mid,mid,0.67,0.78,0,0,0,1,0,0,0,1,0,1,1,1,mid,mid
Gifted/Gifted_016,mid,mid,0.67,0.78,0,0,0,1,0,0,0,1,0,1,1,1,mid,mid
Gifted/Gifted_053,mid,mid,0.67,0.78,0,0,0,1,0,0,0,1,0,1,1,1,mid,mid
Gifted/Gifted_055,mid,mid,0.67,0.78,0,0,0,1,0,0,0,1,0,1,1,1,mid,mid
Gifted/Gifted_017,high,high,0.8,0.88,0,0,0,1,0,0,0,0,0,1,0,0,high,high
Gifted/Gifted_011,mid,mid,0.67,0.78,0,0,0,1,0,0,0,1,0,1,1,1,mid,mid
Gifted/Gifted_061,mid,mid,0.67,0.78,0,0,0,1,0,0,0,1,0,1,1,1,mid,mid
Gifted/Gifted_019,mid,mid,0.67,0.78,0,0,0,1,0,0,0,1,0,1,1,1,mid,mid
Gifted/Gifted_046,mid,mid,0.67,0.78,0,0,0,1,0,0,0,1,0,1,1,1,mid,mid
Gifted/Gifted_021,mid,mid,0.67,0.78,0,0,0,1,0,0,0,1,0,1,1,1,mid,mid
Gifted/Gifted_059,mid,mid,0.67,0.78,0,0,0,1,0,0,0,1,0,1,1,1,mid,mid
Gifted/Gifted_045,high,mid,0.8,0.78,0,0,0,1,0,1,0,0,0,1,0,1,high,mid
Gifted/Gifted_057,mid,mid,0.7,0.74,0,0,0,1,0,1,0,1,0,1,1,1,mid,mid
Gifted/Gifted_027,mid,mid,0.67,0.78,0,0,0,1,0,0,0,1,0,1,1,1,mid,mid
Gifted/Gifted_030,mid,mid,0.67,0.78,0,0,0,1,0,0,0,1,0,1,1,1,mid,mid
Gifted/Gifted_048,mid,mid,0.67,0.78,0,0,0,1,0,0,0,1,0,1,1,1,mid,mid
Gifted/Gifted_054,mid,mid,0.67,0.78,0,0,0,1,0,0,0,1,0,1,1,1,mid,mid
Gifted/Gifted_064,high,high,0.8,0.88,0,0,0,1,0,0,0,0,0,1,0,0,high,high
Gifted/Gifted_038,high,high,0.8,0.88,0,0,0,1,0,0,0,0,0,1,0,0,high,high
Gifted/Gifted_024,high,mid,0.8,0.78,0,0,0,1,0,1,0,0,0,1,0,1,high,mid
Gifted/Gifted_008,high,high,0.8,0.88,0,0,0,1,0,0,0,0,0,1,0,0,high,high
Gifted/Gifted_003,mid,mid,0.67,0.78,0,0,0,1,0,0,0,1,0,1,1,1,mid,mid
Gifted/Gifted_001,mid,mid,0.62,0.69,0,0,0,1,0,0,0,1,1,1,1,1,mid,mid
Gifted/Gifted_034,mid,mid,0.67,0.78,0,0,0,1,0,0,0,1,0,1,1,1,mid,mid
Gifted/Gifted_041,mid,mid,0.7,0.74,0,0,0,1,0,1,0,1,0,1,1,1,mid,mid
Gifted/Gifted_066,mid,mid,0.57,0.79,0,1,0,1,0,0,0,1,0,1,1,1,mid,mid
Gifted/Gifted_051,high,high,0.8,0.88,0,0,0,1,0,0,0,0,0,1,0,0,high,high
Gifted/Gifted_025,mid,mid,0.7,0.72,0,0,0,1,0,0,0,0,1,1,1,1,high,mid
Gifted/Gifted_056,high,high,0.8,0.88,0,0,0,1,0,0,0,0,0,1,0,0,high,high
Gifted/Gifted_043,mid,mid,0.62,0.69,0,0,0,1,0,0,0,1,1,1,1,1,mid,mid
Gifted/Gifted_031,high,mid,0.8,0.78,0,0,0,1,0,1,0,0,0,1,0,1,high,mid
Gifted/Gifted_033,mid,high,0.63,0.85,0,1,0,1,0,0,0,0,0,1,1,0,high,high
Gifted/Gifted_047,mid,mid,0.62,0.69,0,0,0,1,0,0,0,1,1,1,1,1,mid,mid
LadyBird/LadyBird_087,high,mid,0.8,0.78,0,0,0,1,0,1,0,0,0,1,0,1,high,mid
LadyBird/LadyBird_032,mid,mid,0.55,0.72,0,0,0,0,0,0,0,1,0,1,1,1,mid,mid
LadyBird/LadyBird_078,mid,mid,0.67,0.78,0,0,0,1,0,0,0,1,0,1,1,1,mid,mid
LadyBird/LadyBird_016,high,high,0.8,0.88,0,0,0,1,0,0,0,0,0,1,0,0,high,high
LadyBird/LadyBird_048,mid,mid,0.67,0.78,0,0,0,1,0,0,0,1,0,1,1,1,mid,mid
LadyBird/LadyBird_056,mid,mid,0.67,0.78,0,0,0,1,0,0,0,1,0,1,1,1,mid,mid
LadyBird/LadyBird_054,high,high,0.8,0.88,0,0,0,1,0,0,0,0,0,1,0,0,high,high
LadyBird/LadyBird_089,mid,mid,0.67,0.78,0,0,0,1,0,0,0,1,0,1,1,1,mid,mid
LadyBird/LadyBird_003,mid,mid,0.67,0.78,0,0,0,1,0,0,0,1,0,1,1,1,mid,mid
LadyBird/LadyBird_093,mid,mid,0.62,0.69,0,0,0,1,0,0,0,1,1,1,1,1,mid,mid
LadyBird/LadyBird_075,mid,high,0.63,0.85,0,1,0,1,0,0,0,0,0,1,1,0,high,high
LadyBird/LadyBird_009,high,mid,0.8,0.78,0,0,0,1,0,1,0,0,0,1,0,1,high,mid
LadyBird/LadyBird_061,high,high,0.8,0.88,0,0,0,1,0,0,0,0,0,1,0,0,high,high
LadyBird/LadyBird_099,high,high,0.8,0.88,0,0,0,1,0,0,0,0,0,1,0,0,high,high
LadyBird/LadyBird_090,mid,mid,0.67,0.78,0,0,0,1,0,0,0,1,0,1,1,1,mid,mid
LadyBird/LadyBird_062,high,mid,0.8,0.78,0,0,0,1,0,1,0,0,0,1,0,1,high,mid
LadyBird/LadyBird_038,high,high,0.8,0.88,0,0,0,1,0,0,0,0,0,1,0,0,high,high
LadyBird/LadyBird_081,high,high,0.8,0.88,0,0,0,1,0,0,0,0,0,1,0,0,high,high
LadyBird/LadyBird_036,mid,mid,0.67,0.78,0,0,0,1,0,0,0,1,0,1,1,1,mid,mid
LadyBird/LadyBird_084,mid,mid,0.67,0.78,0,0,0,1,0,0,0,1,0,1,1,1,mid,mid
LadyBird/LadyBird_043,high,high,0.8,0.88,0,0,0,1,0,0,0,0,0,1,0,0,high,high
LadyBird/LadyBird_060,mid,mid,0.62,0.69,0,0,0,1,0,0,0,1,1,1,1,1,mid,mid
LadyBird/LadyBird_105,mid,mid,0.67,0.78,0,0,0,1,0,0,0,1,0,1,1,1,mid,mid
LadyBird/LadyBird_071,high,high,0.8,0.88,0,0,0,1,0,0,0,0,0,1,0,0,high,high
LadyBird/LadyBird_095,mid,mid,0.7,0.72,0,0,0,1,0,0,0,0,1,1,1,1,high,mid
LadyBird/LadyBird_102,mid,mid,0.67,0.78,0,0,0,1,0,0,0,1,0,1,1,1,mid,mid
LadyBird/LadyBird_025,high,high,0.8,0.88,0,0,0,1,0,0,0,0,0,1,0,0,high,high
LadyBird/LadyBird_051,high,high,0.8,0.88,0,0,0,1,0,0,0,0,0,1,0,0,high,high
LadyBird/LadyBird_046,mid,mid,0.57,0.79,0,1,0,1,0,0,0,1,0,1,1,1,mid,mid
LadyBird/LadyBird_067,mid,mid,0.67,0.78,0,0,0,1,0,0,0,1,0,1,1,1,mid,mid
LadyBird/LadyBird_028,high,mid,0.8,0.78,0,0,0,1,0,1,0,0,0,1,0,1,high,mid
LadyBird/LadyBird_106,high,high,0.8,0.88,0,0,0,1,0,0,0,0,0,1,0,0,high,high
LadyBird/LadyBird_113,mid,mid,0.62,0.69,0,0,0,1,0,0,0,1,1,1,1,1,mid,mid
LadyBird/LadyBird_001,high,high,0.8,0.88,0,0,0,1,0,0,0,0,0,1,0,0,high,high
LadyBird/LadyBird_049,mid,mid,0.7,0.74,0,0,0,1,0,1,0,1,0,1,1,1,mid,mid
LadyBird/LadyBird_018,mid,mid,0.67,0.78,0,0,0,1,0,0,0,1,0,1,1,1,mid,mid
LadyBird/LadyBird_065,mid,mid,0.67,0.78,0,0,0,1,0,0,0,1,0,1,1,1,mid,mid
LadyBird/LadyBird_059,mid,mid,0.67,0.78,0,0,0,1,0,0,0,1,0,1,1,1,mid,mid
LadyBird/LadyBird_007,mid,mid,0.67,0.78,0,0,0,1,0,0,0,1,0,1,1,1,mid,mid
LadyBird/LadyBird_080,mid,mid,0.7,0.64,0,0,1,1,0,0,0,1,0,1,1,1,mid,mid
LadyBird/LadyBird_107,mid,mid,0.7,0.64,0,0,1,1,0,0,0,1,0,1,1,1,mid,mid
LadyBird/LadyBird_082,mid,mid,0.62,0.69,0,0,0,1,0,0,0,1,1,1,1,1,mid,mid
LadyBird/LadyBird_031,mid,high,0.63,0.85,0,1,0,1,0,0,0,0,0,1,1,0,high,high
LadyBird/LadyBird_011,high,mid,0.8,0.78,0,0,0,1,0,1,0,0,0,1,0,1,high,mid
LadyBird/LadyBird_073,high,mid,0.8,0.78,0,0,0,1,0,1,0,0,0,1,0,1,high,mid
LadyBird/LadyBird_074,high,high,0.8,0.88,0,0,0,1,0,0,0,0,0,1,0,0,high,high
LadyBird/LadyBird_091,mid,mid,0.67,0.78,0,0,0,1,0,0,0,1,0,1,1,1,mid,mid
LadyBird/LadyBird_005,mid,high,0.63,0.85,0,1,0,1,0,0,0,0,0,1,1,0,high,high
LadyBird/LadyBird_050,high,high,0.8,0.88,0,0,0,1,0,0,0,0,0,1,0,0,high,high
LadyBird/LadyBird_019,high,high,0.8,0.88,0,0,0,1,0,0,0,0,0,1,0,0,high,high
LadyBird/LadyBird_047,mid,mid,0.62,0.69,0,0,0,1,0,0,0,1,1,1,1,1,mid,mid
LadyBird/LadyBird_002,high,high,0.8,0.88,0,0,0,1,0,0,0,0,0,1,0,0,high,high
LadyBird/LadyBird_110,mid,mid,0.67,0.78,0,0,0,1,0,0,0,1,0,1,1,1,mid,mid
LadyBird/LadyBird_052,mid,mid,0.67,0.78,0,0,0,1,0,0,0,1,0,1,1,1,mid,mid
LadyBird/LadyBird_066,high,high,0.8,0.88,0,0,0,1,0,0,0,0,0,1,0,0,high,high
LadyBird/LadyBird_015,mid,mid,0.7,0.74,0,0,0,1,0,1,0,1,0,1,1,1,mid,mid
LadyBird/LadyBird_004,high,high,0.8,0.88,0,0,0,1,0,0,0,0,0,1,0,0,high,high
LadyBird/LadyBird_022,high,high,0.8,0.88,0,0,0,1,0,0,0,0,0,1,0,0,high,high
LadyBird/LadyBird_094,mid,mid,0.7,0.74,0,0,0,1,0,1,0,1,0,1,1,1,mid,mid
LadyBird/LadyBird_012,mid,mid,0.67,0.78,0,0,0,1,0,0,0,1,0,1,1,1,mid,mid
LadyBird/LadyBird_013,mid,mid,0.62,0.69,0,0,0,1,0,0,0,1,1,1,1,1,mid,mid
LadyBird/LadyBird_086,mid,mid,0.67,0.78,0,0,0,1,0,0,0,1,0,1,1,1,mid,mid
LadyBird/LadyBird_100,high,high,0.8,0.88,0,0,0,1,0,0,0,0,0,1,0,0,high,high
LadyBird/LadyBird_057,mid,mid,0.7,0.74,0,0,0,1,0,1,0,1,0,1,1,1,mid,mid
LadyBird/LadyBird_027,high,high,0.8,0.88,0,0,0,1,0,0,0,0,0,1,0,0,high,high
LadyBird/LadyBird_000,mid,mid,0.68,0.79,0,1,0,1,0,1,0,0,0,1,1,1,high,mid
LadyBird/LadyBird_103,mid,mid,0.67,0.78,0,0,0,1,0,0,0,1,0,1,1,1,mid,mid
LadyBird/LadyBird_017,high,high,0.8,0.88,0,0,0,1,0,0,0,0,0,1,0,0,high,high
LadyBird/LadyBird_077,mid,mid,0.67,0.78,0,0,0,1,0,0,0,1,0,1,1,1,mid,mid
LadyBird/LadyBird_058,high,high,0.8,0.88,0,0,0,1,0,0,0,0,0,1,0,0,high,high
LadyBird/LadyBird_040,mid,mid,0.62,0.69,0,0,0,1,0,0,0,1,1,1,1,1,mid,mid
LadyBird/LadyBird_037,mid,mid,0.67,0.78,0,0,0,1,0,0,0,1,0,1,1,1,mid,mid
LadyBird/LadyBird_030,mid,mid,0.67,0.78,0,0,0,1,0,0,0,1,0,1,1,1,mid,mid
LadyBird/LadyBird_076,mid,mid,0.6,0.74,0,1,0,1,0,0,0,0,1,1,1,1,mid,high
LadyBird/LadyBird_023,mid,mid,0.7,0.74,0,0,0,1,0,1,0,1,0,1,1,1,mid,mid
LadyBird/LadyBird_045,mid,mid,0.67,0.78,0,0,0,1,0,0,0,1,0,1,1,1,mid,mid
LadyBird/LadyBird_064,mid,mid,0.62,0.69,0,0,0,1,0,0,0,1,1,1,1,1,mid,mid
LadyBird/LadyBird_109,high,high,0.8,0.88,0,0,0,1,0,0,0,0,0,1,0,0,high,high
LadyBird/LadyBird_035,high,high,0.8,0.88,0,0,0,1,0,0,0,0,0,1,0,0,high,high
LadyBird/LadyBird_112,mid,high,0.63,0.85,0,1,0,1,0,0,0,0,0,1,1,0,high,high
LadyBird/LadyBird_092,mid,mid,0.7,0.72,0,0,0,1,0,0,0,0,1,1,1,1,high,mid
LadyBird/LadyBird_097,mid,mid,0.67,0.78,0,0,0,1,0,0,0,1,0,1,1,1,mid,mid
LadyBird/LadyBird_104,high,high,0.8,0.88,0,0,0,1,0,0,0,0,0,1,0,0,high,high
LadyBird/LadyBird_008,high,high,0.8,0.88,0,0,0,1,0,0,0,0,0,1,0,0,high,high
LadyBird/LadyBird_111,high,high,0.8,0.88,0,0,0,1,0,0,0,0,0,1,0,0,high,high
LadyBird/LadyBird_063,mid,mid,0.67,0.78,0,0,0,1,0,0,0,1,0,1,1,1,mid,mid
LadyBird/LadyBird_098,mid,mid,0.67,0.78,0,0,0,1,0,0,0,1,0,1,1,1,mid,mid
LadyBird/LadyBird_034,high,high,0.8,0.88,0,0,0,1,0,0,0,0,0,1,0,0,high,high
LadyBird/LadyBird_029,mid,high,0.63,0.85,0,1,0,1,0,0,0,0,0,1,1,0,high,high
LadyBird/LadyBird_108,mid,mid,0.62,0.69,0,0,0,1,0,0,0,1,1,1,1,1,mid,mid
LadyBird/LadyBird_006,mid,mid,0.67,0.78,0,0,0,1,0,0,0,1,0,1,1,1,mid,mid
LadyBird/LadyBird_039,high,high,0.8,0.88,0,0,0,1,0,0,0,0,0,1,0,0,high,high
LadyBird/LadyBird_020,mid,high,0.63,0.85,0,1,0,1,0,0,0,0,0,1,1,0,high,high
LadyBird/LadyBird_044,high,mid,0.8,0.78,0,0,0,1,0,1,0,0,0,1,0,1,high,mid
LadyBird/LadyBird_070,mid,mid,0.67,0.78,0,0,0,1,0,0,0,1,0,1,1,1,mid,mid
LadyBird/LadyBird_010,mid,mid,0.7,0.74,0,0,0,1,0,1,0,1,0,1,1,1,mid,mid
LadyBird/LadyBird_014,mid,mid,0.7,0.72,0,0,0,1,0,0,0,0,1,1,1,1,high,mid
LadyBird/LadyBird_096,mid,mid,0.7,0.72,0,0,0,1,0,0,0,0,1,1,1,1,high,mid
LadyBird/LadyBird_072,mid,mid,0.62,0.69,0,0,0,1,0,0,0,1,1,1,1,1,mid,mid
LadyBird/LadyBird_069,mid,mid,0.7,0.72,0,0,0,1,0,0,0,0,1,1,1,1,high,mid
LadyBird/LadyBird_024,mid,mid,0.7,0.74,0,0,0,1,0,1,0,1,0,1,1,1,mid,mid
LadyBird/LadyBird_055,mid,mid,0.68,0.79,0,1,0,1,0,1,0,0,0,1,1,1,high,mid
LadyBird/LadyBird_068,mid,mid,0.67,0.78,0,0,0,1,0,0,0,1,0,1,1,1,mid,mid
LadyBird/LadyBird_085,mid,mid,0.7,0.74,0,0,0,1,0,1,0,1,0,1,1,1,mid,mid
LadyBird/LadyBird_088,mid,mid,0.7,0.74,0,0,0,1,0,1,0,1,0,1,1,1,mid,mid
LadyBird/LadyBird_042,mid,mid,0.67,0.78,0,0,0,1,0,0,0,1,0,1,1,1,mid,mid
LadyBird/LadyBird_026,mid,mid,0.7,0.72,0,0,0,1,0,0,0,0,1,1,1,1,high,mid
LadyBird/LadyBird_041,mid,mid,0.67,0.78,0,0,0,1,0,0,0,1,0,1,1,1,mid,mid
LadyBird/LadyBird_033,mid,mid,0.62,0.69,0,0,0,1,0,0,0,1,1,1,1,1,mid,mid
LadyBird/LadyBird_079,mid,mid,0.67,0.78,0,0,0,1,0,0,0,1,0,1,1,1,mid,mid
LadyBird/LadyBird_053,mid,mid,0.67,0.78,0,0,0,1,0,0,0,1,0,1,1,1,mid,mid
LadyBird/LadyBird_083,mid,mid,0.67,0.78,0,0,0,1,0,0,0,1,0,1,1,1,mid,mid
LadyBird/LadyBird_101,high,high,0.8,0.88,0,0,0,1,0,0,0,0,0,1,0,0,high,high
LadyBird/LadyBird_021,high,mid,0.8,0.78,0,0,0,1,0,1,0,0,0,1,0,1,high,mid
TheFaultInOurStars/TheFaultInOurStars_013,mid,mid,0.67,0.78,0,0,0,1,0,0,0,1,0,1,1,1,mid,mid
TheFaultInOurStars/TheFaultInOurStars_021,mid,mid,0.7,0.74,0,0,0,1,0,1,0,1,0,1,1,1,mid,mid
TheFaultInOurStars/TheFaultInOurStars_077,mid,mid,0.7,0.74,0,0,0,1,0,1,0,1,0,1,1,1,mid,mid
TheFaultInOurStars/TheFaultInOurStars_030,high,high,0.8,0.88,0,0,0,1,0,0,0,0,0,1,0,0,high,high
TheFaultInOurStars/TheFaultInOurStars_059,mid,mid,0.67,0.78,0,0,0,1,0,0,0,1,0,1,1,1,mid,mid
TheFaultInOurStars/TheFaultInOurStars_006,mid,mid,0.62,0.69,0,0,0,1,0,0,0,1,1,1,1,1,mid,mid
TheFaultInOurStars/TheFaultInOurStars_026,mid,mid,0.67,0.78,0,0,0,1,0,0,0,1,0,1,1,1,mid,mid
TheFaultInOurStars/TheFaultInOurStars_069,mid,mid,0.67,0.78,0,0,0,1,0,0,0,1,0,1,1,1,mid,mid
TheFaultInOurStars/TheFaultInOurStars_050,high,mid,0.8,0.78,0,0,0,1,0,1,0,0,0,1,0,1,high,mid
TheFaultInOurStars/TheFaultInOurStars_039,high,mid,0.8,0.78,0,0,0,1,0,1,0,0,0,1,0,1,high,mid
TheFaultInOurStars/TheFaultInOurStars_071,mid,mid,0.7,0.74,0,0,0,1,0,1,0,1,0,1,1,1,mid,mid
TheFaultInOurStars/TheFaultInOurStars_017,high,high,0.8,0.88,0,0,0,1,0,0,0,0,0,1,0,0,high,high
TheFaultInOurStars/TheFaultInOurStars_051,high,mid,0.8,0.78,0,0,0,1,0,1,0,0,0,1,0,1,high,mid
TheFaultInOurStars/TheFaultInOurStars_024,mid,mid,0.67,0.78,0,0,0,1,0,0,0,1,0,1,1,1,mid,mid
TheFaultInOurStars/TheFaultInOurStars_010,mid,mid,0.67,0.78,0,0,0,1,0,0,0,1,0,1,1,1,mid,mid
TheFaultInOurStars/TheFaultInOurStars_065,high,mid,0.8,0.78,0,0,0,1,0,1,0,0,0,1,0,1,high,mid
TheFaultInOurStars/TheFaultInOurStars_037,high,mid,0.8,0.78,0,0,0,1,0,1,0,0,0,1,0,1,high,mid
TheFaultInOurStars/TheFaultInOurStars_008,high,high,0.8,0.88,0,0,0,1,0,0,0,0,0,1,0,0,high,high
TheFaultInOurStars/TheFaultInOurStars_073,mid,mid,0.67,0.78,0,0,0,1,0,0,0,1,0,1,1,1,mid,mid
TheFaultInOurStars/TheFaultInOurStars_014,high,high,0.8,0.88,0,0,0,1,0,0,0,0,0,1,0,0,high,high
TheFaultInOurStars/TheFaultInOurStars_034,high,high,0.8,0.88,0,0,0,1,0,0,0,0,0,1,0,0,high,high
TheFaultInOurStars/TheFaultInOurStars_018,mid,mid,0.68,0.76,0,0,0,1,0,0,1,1,0,1,1,1,mid,mid
TheFaultInOurStars/TheFaultInOurStars_041,mid,mid,0.67,0.78,0,0,0,1,0,0,0,1,0,1,1,1,mid,mid
TheFaultInOurStars/TheFaultInOurStars_001,mid,mid,0.67,0.78,0,0,0,1,0,0,0,1,0,1,1,1,mid,mid
TheFaultInOurStars/TheFaultInOurStars_072,high,high,0.8,0.88,0,0,0,1,0,0,0,0,0,1,0,0,high,high
TheFaultInOurStars/TheFaultInOurStars_053,high,high,0.8,0.88,0,0,0,1,0,0,0,0,0,1,0,0,high,high
TheFaultInOurStars/TheFaultInOurStars_025,mid,mid,0.67,0.78,0,0,0,1,0,0,0,1,0,1,1,1,mid,mid
TheFaultInOurStars/TheFaultInOurStars_067,mid,mid,0.67,0.78,0,0,0,1,0,0,0,1,0,1,1,1,mid,mid
TheFaultInOurStars/TheFaultInOurStars_022,high,high,0.8,0.88,0,0,0,1,0,0,0,0,0,1,0,0,high,high
TheFaultInOurStars/TheFaultInOurStars_019,mid,mid,0.67,0.78,0,0,0,1,0,0,0,1,0,1,1,1,mid,mid
TheFaultInOurStars/TheFaultInOurStars_062,mid,mid,0.67,0.78,0,0,0,1,0,0,0,1,0,1,1,1,mid,mid
TheFaultInOurStars/TheFaultInOurStars_054,mid,mid,0.67,0.78,0,0,0,1,0,0,0,1,0,1,1,1,mid,mid
TheFaultInOurStars/TheFaultInOurStars_004,high,high,0.8,0.88,0,0,0,1,0,0,0,0,0,1,0,0,high,high
TheFaultInOurStars/TheFaultInOurStars_057,high,high,0.8,0.88,0,0,0,1,0,0,0,0,0,1,0,0,high,high
TheFaultInOurStars/TheFaultInOurStars_028,high,high,0.8,0.88,0,0,0,1,0,0,0,0,0,1,0,0,high,high
TheFaultInOurStars/TheFaultInOurStars_027,mid,mid,0.67,0.78,0,0,0,1,0,0,0,1,0,1,1,1,mid,mid
TheFaultInOurStars/TheFaultInOurStars_007,mid,mid,0.66,0.67,0,0,0,1,0,1,0,1,1,1,1,1,mid,mid
TheFaultInOurStars/TheFaultInOurStars_052,high,high,0.8,0.88,0,0,0,1,0,0,0,0,0,1,0,0,high,high
TheFaultInOurStars/TheFaultInOurStars_003,mid,mid,0.67,0.78,0,0,0,1,0,0,0,1,0,1,1,1,mid,mid
TheFaultInOurStars/TheFaultInOurStars_061,high,high,0.8,0.88,0,0,0,1,0,0,0,0,0,1,0,0,high,high
TheFaultInOurStars/TheFaultInOurStars_064,mid,mid,0.7,0.74,0,0,0,1,0,1,0,1,0,1,1,1,mid,mid
TheFaultInOurStars/TheFaultInOurStars_016,high,high,0.8,0.88,0,0,0,1,0,0,0,0,0,1,0,0,high,high
TheFaultInOurStars/TheFaultInOurStars_066,high,high,0.8,0.88,0,0,0,1,0,0,0,0,0,1,0,0,high,high
TheFaultInOurStars/TheFaultInOurStars_076,mid,mid,0.67,0.78,0,0,0,1,0,0,0,1,0,1,1,1,mid,mid
TheFaultInOurStars/TheFaultInOurStars_045,high,high,0.8,0.88,0,0,0,1,0,0,0,0,0,1,0,0,high,high
TheFaultInOurStars/TheFaultInOurStars_046,mid,mid,0.7,0.74,0,0,0,1,0,1,0,1,0,1,1,1,mid,mid
TheFaultInOurStars/TheFaultInOurStars_055,mid,mid,0.7,0.74,0,0,0,1,0,1,0,1,0,1,1,1,mid,mid
TheFaultInOurStars/TheFaultInOurStars_033,mid,high,0.63,0.85,0,1,0,1,0,0,0,0,0,1,1,0,high,high
TheFaultInOurStars/TheFaultInOurStars_042,high,high,0.8,0.88,0,0,0,1,0,0,0,0,0,1,0,0,high,high
TheFaultInOurStars/TheFaultInOurStars_002,mid,mid,0.67,0.78,0,0,0,1,0,0,0,1,0,1,1,1,mid,mid
TheFaultInOurStars/TheFaultInOurStars_043,mid,mid,0.7,0.74,0,0,0,1,0,1,0,1,0,1,1,1,mid,mid
TheFaultInOurStars/TheFaultInOurStars_036,mid,mid,0.67,0.78,0,0,0,1,0,0,0,1,0,1,1,1,mid,mid
TheFaultInOurStars/TheFaultInOurStars_058,high,high,0.8,0.88,0,0,0,1,0,0,0,0,0,1,0,0,high,high
TheFaultInOurStars/TheFaultInOurStars_068,high,mid,0.8,0.78,0,0,0,1,0,1,0,0,0,1,0,1,high,mid
TheFaultInOurStars/TheFaultInOurStars_040,mid,mid,0.62,0.69,0,0,0,1,0,0,0,1,1,1,1,1,mid,mid
TheFaultInOurStars/TheFaultInOurStars_047,mid,mid,0.67,0.78,0,0,0,1,0,0,0,1,0,1,1,1,mid,mid
TheFaultInOurStars/TheFaultInOurStars_060,mid,mid,0.67,0.78,0,0,0,1,0,0,0,1,0,1,1,1,mid,mid
TheFaultInOurStars/TheFaultInOurStars_048,mid,mid,0.67,0.78,0,0,0,1,0,0,0,1,0,1,1,1,mid,mid
TheFaultInOurStars/TheFaultInOurStars_031,high,mid,0.8,0.78,0,0,0,1,0,1,0,0,0,1,0,1,high,mid
TheFaultInOurStars/TheFaultInOurStars_035,high,high,0.8,0.88,0,0,0,1,0,0,0,0,0,1,0,0,high,high
TheFaultInOurStars/TheFaultInOurStars_075,mid,mid,0.55,0.72,0,0,0,0,0,0,0,1,0,1,1,1,mid,mid
TheFaultInOurStars/TheFaultInOurStars_009,mid,mid,0.7,0.72,0,0,0,1,0,0,0,0,1,1,1,1,high,high
TheFaultInOurStars/TheFaultInOurStars_032,mid,mid,0.62,0.69,0,0,0,1,0,0,0,1,1,1,1,1,mid,mid
TheFaultInOurStars/TheFaultInOurStars_038,mid,mid,0.7,0.74,0,0,0,1,0,1,0,1,0,1,1,1,mid,mid
TheFaultInOurStars/TheFaultInOurStars_011,mid,mid,0.67,0.78,0,0,0,1,0,0,0,1,0,1,1,1,mid,mid
TheFaultInOurStars/TheFaultInOurStars_023,high,high,0.8,0.88,0,0,0,1,0,0,0,0,0,1,0,0,high,high
TheFaultInOurStars/TheFaultInOurStars_063,mid,mid,0.67,0.78,0,0,0,1,0,0,0,1,0,1,1,1,mid,mid
TheFaultInOurStars/TheFaultInOurStars_012,high,high,0.8,0.88,0,0,0,1,0,0,0,0,0,1,0,0,high,high
TheFaultInOurStars/TheFaultInOurStars_044,mid,mid,0.7,0.74,0,0,0,1,0,1,0,1,0,1,1,1,mid,mid
TheFaultInOurStars/TheFaultInOurStars_049,high,high,0.8,0.88,0,0,0,1,0,0,0,0,0,1,0,0,high,high
TheFaultInOurStars/TheFaultInOurStars_029,mid,mid,0.67,0.78,0,0,0,1,0,0,0,1,0,1,1,1,mid,mid
TheFaultInOurStars/TheFaultInOurStars_005,mid,mid,0.67,0.78,0,0,0,1,0,0,0,1,0,1,1,1,mid,mid
TheFaultInOurStars/TheFaultInOurStars_074,mid,mid,0.67,0.78,0,0,0,1,0,0,0,1,0,1,1,1,mid,mid
TheFaultInOurStars/TheFaultInOurStars_020,mid,mid,0.67,0.78,0,0,0,1,0,0,0,1,0,1,1,1,mid,mid
TheFaultInOurStars/TheFaultInOurStars_056,high,high,0.8,0.88,0,0,0,1,0,0,0,0,0,1,0,0,high,high
TheFaultInOurStars/TheFaultInOurStars_000,mid,mid,0.67,0.78,0,0,0,1,0,0,0,1,0,1,1,1,mid,mid
TheFaultInOurStars/TheFaultInOurStars_015,high,high,0.8,0.88,0,0,0,1,0,0,0,0,0,1,0,0,high,high
TheFaultInOurStars/TheFaultInOurStars_070,mid,mid,0.67,0.78,0,0,0,1,0,0,0,1,0,1,1,1,mid,mid
TheSpectacularNow/TheSpectacularNow_040,high,high,0.8,0.88,0,0,0,1,0,0,0,0,0,1,0,0,high,high
TheSpectacularNow/TheSpectacularNow_075,mid,mid,0.62,0.69,0,0,0,1,0,0,0,1,1,1,1,1,mid,mid
TheSpectacularNow/TheSpectacularNow_036,high,mid,0.8,0.78,0,0,0,1,0,1,0,0,0,1,0,1,high,mid
TheSpectacularNow/TheSpectacularNow_053,mid,mid,0.55,0.72,0,0,0,0,0,0,0,1,0,1,1,1,mid,mid
TheSpectacularNow/TheSpectacularNow_015,mid,mid,0.67,0.78,0,0,0,1,0,0,0,1,0,1,1,1,mid,mid
TheSpectacularNow/TheSpectacularNow_065,mid,mid,0.67,0.78,0,0,0,1,0,0,0,1,0,1,1,1,mid,mid
TheSpectacularNow/TheSpectacularNow_016,mid,mid,0.7,0.72,0,0,0,1,0,0,0,0,1,1,1,1,mid,mid
TheSpectacularNow/TheSpectacularNow_046,high,high,0.8,0.88,0,0,0,1,0,0,0,0,0,1,0,0,high,high
TheSpectacularNow/TheSpectacularNow_058,mid,high,0.63,0.85,0,1,0,1,0,0,0,0,0,1,1,0,mid,high
TheSpectacularNow/TheSpectacularNow_044,high,mid,0.8,0.78,0,0,0,1,0,1,0,0,0,1,0,1,high,mid
TheSpectacularNow/TheSpectacularNow_019,high,high,0.8,0.88,0,0,0,1,0,0,0,0,0,1,0,0,high,high
TheSpectacularNow/TheSpectacularNow_052,mid,mid,0.62,0.69,0,0,0,1,0,0,0,1,1,1,1,1,mid,mid
TheSpectacularNow/TheSpectacularNow_002,mid,mid,0.67,0.78,0,0,0,1,0,0,0,1,0,1,1,1,mid,mid
TheSpectacularNow/TheSpectacularNow_077,high,high,0.8,0.88,0,0,0,1,0,0,0,0,0,1,0,0,high,high
TheSpectacularNow/TheSpectacularNow_059,high,high,0.8,0.88,0,0,0,1,0,0,0,0,0,1,0,0,high,high
TheSpectacularNow/TheSpectacularNow_047,high,mid,0.8,0.78,0,0,0,1,0,1,0,0,0,1,0,1,high,mid
TheSpectacularNow/TheSpectacularNow_037,mid,mid,0.62,0.69,0,0,0,1,0,0,0,1,1,1,1,1,mid,mid
TheSpectacularNow/TheSpectacularNow_014,mid,mid,0.67,0.78,0,0,0,1,0,0,0,1,0,1,1,1,mid,mid
TheSpectacularNow/TheSpectacularNow_030,mid,mid,0.67,0.78,0,0,0,1,0,0,0,1,0,1,1,1,mid,mid
TheSpectacularNow/TheSpectacularNow_033,mid,high,0.63,0.85,0,1,0,1,0,0,0,0,0,1,1,0,mid,high
TheSpectacularNow/TheSpectacularNow_076,mid,mid,0.67,0.78,0,0,0,1,0,0,0,1,0,1,1,1,mid,mid
TheSpectacularNow/TheSpectacularNow_029,mid,high,0.7,0.85,0,0,0,0,0,0,0,0,0,1,1,0,mid,high
TheSpectacularNow/TheSpectacularNow_005,mid,mid,0.67,0.78,0,0,0,1,0,0,0,1,0,1,1,1,mid,mid
TheSpectacularNow/TheSpectacularNow_011,high,high,0.8,0.88,0,0,0,1,0,0,0,0,0,1,0,0,high,high
TheSpectacularNow/TheSpectacularNow_071,mid,mid,0.67,0.78,0,0,0,1,0,0,0,1,0,1,1,1,mid,mid
TheSpectacularNow/TheSpectacularNow_032,mid,high,0.63,0.85,0,1,0,1,0,0,0,0,0,1,1,0,mid,high
TheSpectacularNow/TheSpectacularNow_048,mid,mid,0.7,0.72,0,0,0,1,0,0,0,0,1,1,1,1,mid,mid
TheSpectacularNow/TheSpectacularNow_072,high,high,0.8,0.88,0,0,0,1,0,0,0,0,0,1,0,0,high,high
TheSpectacularNow/TheSpectacularNow_025,mid,mid,0.7,0.74,0,0,0,1,0,1,0,1,0,1,1,1,mid,mid
TheSpectacularNow/TheSpectacularNow_082,mid,mid,0.7,0.74,0,0,0,1,0,1,0,1,0,1,1,1,mid,mid
TheSpectacularNow/TheSpectacularNow_042,mid,mid,0.67,0.78,0,0,0,1,0,0,0,1,0,1,1,1,mid,mid
TheSpectacularNow/TheSpectacularNow_060,high,mid,0.8,0.78,0,0,0,1,0,1,0,0,0,1,0,1,high,mid
TheSpectacularNow/TheSpectacularNow_074,high,mid,0.8,0.78,0,0,0,1,0,1,0,0,0,1,0,1,high,mid
TheSpectacularNow/TheSpectacularNow_054,mid,mid,0.62,0.69,0,0,0,1,0,0,0,1,1,1,1,1,mid,mid
TheSpectacularNow/TheSpectacularNow_004,mid,mid,0.67,0.78,0,0,0,1,0,0,0,1,0,1,1,1,mid,mid
TheSpectacularNow/TheSpectacularNow_038,mid,high,0.77,0.82,0,0,0,1,0,0,1,0,0,1,1,0,high,high
TheSpectacularNow/TheSpectacularNow_078,mid,mid,0.57,0.79,0,1,0,1,0,0,0,1,0,1,1,1,mid,mid
TheSpectacularNow/TheSpectacularNow_079,mid,mid,0.67,0.78,0,0,0,1,0,0,0,1,0,1,1,1,mid,mid
TheSpectacularNow/TheSpectacularNow_043,mid,mid,0.67,0.78,0,0,0,1,0,0,0,1,0,1,1,1,mid,mid
TheSpectacularNow/TheSpectacularNow_062,mid,mid,0.67,0.78,0,0,0,1,0,0,0,1,0,1,1,1,mid,mid
TheSpectacularNow/TheSpectacularNow_023,mid,high,0.63,0.85,0,1,0,1,0,0,0,0,0,1,1,0,mid,high
TheSpectacularNow/TheSpectacularNow_081,mid,mid,0.67,0.78,0,0,0,1,0,0,0,1,0,1,1,1,mid,mid
TheSpectacularNow/TheSpectacularNow_067,mid,mid,0.57,0.79,0,1,0,1,0,0,0,1,0,1,1,1,mid,mid
TheSpectacularNow/TheSpectacularNow_045,mid,mid,0.67,0.78,0,0,0,1,0,0,0,1,0,1,1,1,mid,mid
TheSpectacularNow/TheSpectacularNow_068,mid,mid,0.67,0.78,0,0,0,1,0,0,0,1,0,1,1,1,mid,mid
TheSpectacularNow/TheSpectacularNow_010,mid,mid,0.67,0.78,0,0,0,1,0,0,0,1,0,1,1,1,mid,mid
TheSpectacularNow/TheSpectacularNow_073,mid,mid,0.67,0.78,0,0,0,1,0,0,0,1,0,1,1,1,mid,mid
TheSpectacularNow/TheSpectacularNow_035,high,mid,0.8,0.78,0,0,0,1,0,1,0,0,0,1,0,1,high,mid
TheSpectacularNow/TheSpectacularNow_056,mid,mid,0.68,0.76,0,0,0,1,0,0,1,1,0,1,1,1,mid,mid
TheSpectacularNow/TheSpectacularNow_001,mid,mid,0.7,0.74,0,0,0,1,0,1,0,1,0,1,1,1,mid,mid
TheSpectacularNow/TheSpectacularNow_026,high,high,0.8,0.88,0,0,0,1,0,0,0,0,0,1,0,0,high,high
TheSpectacularNow/TheSpectacularNow_050,high,high,0.8,0.88,0,0,0,1,0,0,0,0,0,1,0,0,high,high
TheSpectacularNow/TheSpectacularNow_066,mid,mid,0.67,0.78,0,0,0,1,0,0,0,1,0,1,1,1,mid,mid
TheSpectacularNow/TheSpectacularNow_049,mid,mid,0.67,0.78,0,0,0,1,0,0,0,1,0,1,1,1,mid,mid
TheSpectacularNow/TheSpectacularNow_017,mid,mid,0.67,0.78,0,0,0,1,0,0,0,1,0,1,1,1,mid,mid
TheSpectacularNow/TheSpectacularNow_055,mid,mid,0.7,0.74,0,0,0,1,0,1,0,1,0,1,1,1,mid,mid
TheSpectacularNow/TheSpectacularNow_039,mid,mid,0.67,0.78,0,0,0,1,0,0,0,1,0,1,1,1,mid,mid
TheSpectacularNow/TheSpectacularNow_006,mid,mid,0.57,0.79,0,1,0,1,0,0,0,1,0,1,1,1,mid,mid
TheSpectacularNow/TheSpectacularNow_080,mid,mid,0.67,0.78,0,0,0,1,0,0,0,1,0,1,1,1,mid,mid
TheSpectacularNow/TheSpectacularNow_018,mid,mid,0.7,0.72,0,0,0,1,0,0,0,0,1,1,1,1,mid,mid
TheSpectacularNow/TheSpectacularNow_061,mid,mid,0.7,0.74,0,0,0,1,0,1,0,1,0,1,1,1,mid,mid
TheSpectacularNow/TheSpectacularNow_051,mid,mid,0.7,0.64,0,0,1,1,0,0,0,1,0,1,1,1,mid,mid
TheSpectacularNow/TheSpectacularNow_012,mid,mid,0.62,0.69,0,0,0,1,0,0,0,1,1,1,1,1,mid,mid
TheSpectacularNow/TheSpectacularNow_070,mid,mid,0.67,0.78,0,0,0,1,0,0,0,1,0,1,1,1,mid,mid
TheSpectacularNow/TheSpectacularNow_064,high,high,0.8,0.88,0,0,0,1,0,0,0,0,0,1,0,0,high,high
TheSpectacularNow/TheSpectacularNow_057,high,high,0.8,0.88,0,0,0,1,0,0,0,0,0,1,0,0,high,high
TheSpectacularNow/TheSpectacularNow_007,mid,mid,0.67,0.78,0,0,0,1,0,0,0,1,0,1,1,1,mid,mid
TheSpectacularNow/TheSpectacularNow_009,mid,mid,0.7,0.72,0,0,0,1,0,0,0,0,1,1,1,1,mid,mid
TheSpectacularNow/TheSpectacularNow_063,mid,mid,0.67,0.78,0,0,0,1,0,0,0,1,0,1,1,1,mid,mid
TheSpectacularNow/TheSpectacularNow_024,mid,high,0.63,0.85,0,1,0,1,0,0,0,0,0,1,1,0,mid,high
TheSpectacularNow/TheSpectacularNow_013,high,high,0.8,0.88,0,0,0,1,0,0,0,0,0,1,0,0,high,high
TheSpectacularNow/TheSpectacularNow_028,mid,mid,0.67,0.78,0,0,0,1,0,0,0,1,0,1,1,1,mid,mid
TheSpectacularNow/TheSpectacularNow_000,mid,mid,0.67,0.78,0,0,0,1,0,0,0,1,0,1,1,1,mid,mid
TheSpectacularNow/TheSpectacularNow_022,mid,mid,0.67,0.78,0,0,0,1,0,0,0,1,0,1,1,1,mid,mid
TheSpectacularNow/TheSpectacularNow_041,mid,high,0.77,0.82,0,0,0,1,0,0,1,0,0,1,1,0,high,high
TheSpectacularNow/TheSpectacularNow_020,mid,mid,0.68,0.76,0,0,0,1,0,0,1,1,0,1,1,1,mid,mid
TheSpectacularNow/TheSpectacularNow_008,mid,mid,0.67,0.78,0,0,0,1,0,0,0,1,0,1,1,1,mid,mid
TheSpectacularNow/TheSpectacularNow_003,high,high,0.8,0.88,0,0,0,1,0,0,0,0,0,1,0,0,high,high
TheSpectacularNow/TheSpectacularNow_034,mid,mid,0.67,0.78,0,0,0,1,0,0,0,1,0,1,1,1,mid,mid
TheSpectacularNow/TheSpectacularNow_021,high,mid,0.8,0.78,0,0,0,1,0,1,0,0,0,1,0,1,high,mid
TheSpectacularNow/TheSpectacularNow_027,mid,high,0.63,0.85,0,1,0,1,0,0,0,0,0,1,1,0,mid,high
TheSpectacularNow/TheSpectacularNow_031,high,high,0.8,0.88,0,0,0,1,0,0,0,0,0,1,0,0,high,high
TheSpectacularNow/TheSpectacularNow_069,mid,mid,0.67,0.78,0,0,0,1,0,0,0,1,0,1,1,1,mid,mid
TheTheoryOfEverything/TheTheoryOfEverything_003,high,mid,0.8,0.78,0,0,0,1,0,1,0,0,0,1,0,1,high,mid
TheTheoryOfEverything/TheTheoryOfEverything_010,mid,mid,0.7,0.74,0,0,0,1,0,1,0,1,0,1,1,1,mid,mid
TheTheoryOfEverything/TheTheoryOfEverything_054,mid,mid,0.67,0.78,0,0,0,1,0,0,0,1,0,1,1,1,mid,mid
TheTheoryOfEverything/TheTheoryOfEverything_020,mid,mid,0.67,0.78,0,0,0,1,0,0,0,1,0,1,1,1,mid,mid
TheTheoryOfEverything/TheTheoryOfEverything_047,mid,mid,0.67,0.78,0,0,0,1,0,0,0,1,0,1,1,1,mid,mid
TheTheoryOfEverything/TheTheoryOfEverything_018,high,mid,0.8,0.78,0,0,0,1,0,1,0,0,0,1,0,1,high,mid
TheTheoryOfEverything/TheTheoryOfEverything_058,high,mid,0.8,0.78,0,0,0,1,0,1,0,0,0,1,0,1,high,mid
TheTheoryOfEverything/TheTheoryOfEverything_044,mid,mid,0.67,0.78,0,0,0,1,0,0,0,1,0,1,1,1,mid,mid
TheTheoryOfEverything/TheTheoryOfEverything_034,mid,mid,0.67,0.78,0,0,0,1,0,0,0,1,0,1,1,1,mid,mid
TheTheoryOfEverything/TheTheoryOfEverything_041,mid,mid,0.7,0.74,0,0,0,1,0,1,0,1,0,1,1,1,mid,mid
TheTheoryOfEverything/TheTheoryOfEverything_000,mid,mid,0.7,0.73,0,0,0,1,0,1,1,1,0,1,1,1,mid,mid
TheTheoryOfEverything/TheTheoryOfEverything_021,high,mid,0.8,0.78,0,0,0,1,0,1,0,0,0,1,0,1,high,mid
TheTheoryOfEverything/TheTheoryOfEverything_050,mid,mid,0.67,0.78,0,0,0,1,0,0,0,1,0,1,1,1,mid,mid
TheTheoryOfEverything/TheTheoryOfEverything_033,mid,mid,0.67,0.78,0,0,0,1,0,0,0,1,0,1,1,1,mid,mid
TheTheoryOfEverything/TheTheoryOfEverything_016,high,high,0.8,0.88,0,0,0,1,0,0,0,0,0,1,0,0,high,mid
TheTheoryOfEverything/TheTheoryOfEverything_039,mid,mid,0.67,0.78,0,0,0,1,0,0,0,1,0,1,1,1,mid,mid
TheTheoryOfEverything/TheTheoryOfEverything_011,mid,mid,0.67,0.78,0,0,0,1,0,0,0,1,0,1,1,1,mid,mid
TheTheoryOfEverything/TheTheoryOfEverything_049,mid,mid,0.7,0.74,0,0,0,1,0,1,0,1,0,1,1,1,mid,mid
TheTheoryOfEverything/TheTheoryOfEverything_024,mid,mid,0.7,0.74,0,0,0,1,0,1,0,1,0,1,1,1,mid,mid
TheTheoryOfEverything/TheTheoryOfEverything_036,high,high,0.8,0.88,0,0,0,1,0,0,0,0,0,1,0,0,high,mid
TheTheoryOfEverything/TheTheoryOfEverything_057,high,mid,0.8,0.78,0,0,0,1,0,1,0,0,0,1,0,1,high,mid
TheTheoryOfEverything/TheTheoryOfEverything_009,mid,mid,0.7,0.74,0,0,0,1,0,1,0,1,0,1,1,1,mid,mid
TheTheoryOfEverything/TheTheoryOfEverything_045,mid,mid,0.7,0.74,0,0,0,1,0,1,0,1,0,1,1,1,mid,mid
TheTheoryOfEverything/TheTheoryOfEverything_004,mid,mid,0.67,0.78,0,0,0,1,0,0,0,1,0,1,1,1,mid,mid
TheTheoryOfEverything/TheTheoryOfEverything_040,mid,mid,0.7,0.72,0,0,0,1,0,0,0,0,1,1,1,1,high,mid
TheTheoryOfEverything/TheTheoryOfEverything_051,high,mid,0.8,0.78,0,0,0,1,0,1,0,0,0,1,0,1,high,mid
TheTheoryOfEverything/TheTheoryOfEverything_026,high,mid,0.8,0.78,0,0,0,1,0,1,0,0,0,1,0,1,high,mid
TheTheoryOfEverything/TheTheoryOfEverything_027,high,mid,0.8,0.78,0,0,0,1,0,1,0,0,0,1,0,1,high,mid
TheTheoryOfEverything/TheTheoryOfEverything_019,mid,mid,0.7,0.74,0,0,0,1,0,1,0,1,0,1,1,1,mid,mid
TheTheoryOfEverything/TheTheoryOfEverything_056,mid,mid,0.7,0.74,0,0,0,1,0,1,0,1,0,1,1,1,mid,mid
TheTheoryOfEverything/TheTheoryOfEverything_028,high,high,0.8,0.88,0,0,0,1,0,0,0,0,0,1,0,0,high,mid
TheTheoryOfEverything/TheTheoryOfEverything_038,high,mid,0.8,0.78,0,0,0,1,0,1,0,0,0,1,0,1,high,mid
TheTheoryOfEverything/TheTheoryOfEverything_046,mid,mid,0.67,0.78,0,0,0,1,0,0,0,1,0,1,1,1,mid,mid
TheTheoryOfEverything/TheTheoryOfEverything_031,high,high,0.8,0.88,0,0,0,1,0,0,0,0,0,1,0,0,high,mid
TheTheoryOfEverything/TheTheoryOfEverything_037,high,high,0.8,0.88,0,0,0,1,0,0,0,0,0,1,0,0,high,mid
TheTheoryOfEverything/TheTheoryOfEverything_007,mid,mid,0.67,0.78,0,0,0,1,0,0,0,1,0,1,1,1,mid,mid
TheTheoryOfEverything/TheTheoryOfEverything_042,mid,mid,0.62,0.69,0,0,0,1,0,0,0,1,1,1,1,1,mid,mid
TheTheoryOfEverything/TheTheoryOfEverything_029,high,high,0.8,0.88,0,0,0,1,0,0,0,0,0,1,0,0,high,mid
TheTheoryOfEverything/TheTheoryOfEverything_023,high,high,0.8,0.88,0,0,0,1,0,0,0,0,0,1,0,0,high,mid
TheTheoryOfEverything/TheTheoryOfEverything_052,high,high,0.8,0.88,0,0,0,1,0,0,0,0,0,1,0,0,high,mid
TheTheoryOfEverything/TheTheoryOfEverything_008,high,high,0.8,0.88,0,0,0,1,0,0,0,0,0,1,0,0,high,mid
TheTheoryOfEverything/TheTheoryOfEverything_012,high,high,0.8,0.88,0,0,0,1,0,0,0,0,0,1,0,0,high,mid
TheTheoryOfEverything/TheTheoryOfEverything_002,high,mid,0.8,0.78,0,0,0,1,0,1,0,0,0,1,0,1,high,mid
TheTheoryOfEverything/TheTheoryOfEverything_032,mid,mid,0.67,0.78,0,0,0,1,0,0,0,1,0,1,1,1,mid,mid
TheTheoryOfEverything/TheTheoryOfEverything_013,mid,mid,0.67,0.78,0,0,0,1,0,0,0,1,0,1,1,1,mid,mid
TheTheoryOfEverything/TheTheoryOfEverything_035,mid,high,0.63,0.85,0,1,0,1,0,0,0,0,0,1,1,0,high,mid
TheTheoryOfEverything/TheTheoryOfEverything_025,mid,high,0.63,0.85,0,1,0,1,0,0,0,0,0,1,1,0,high,mid
TheTheoryOfEverything/TheTheoryOfEverything_005,mid,mid,0.7,0.74,0,0,0,1,0,1,0,1,0,1,1,1,mid,mid
TheTheoryOfEverything/TheTheoryOfEverything_055,mid,mid,0.67,0.78,0,0,0,1,0,0,0,1,0,1,1,1,mid,mid
TheTheoryOfEverything/TheTheoryOfEverything_053,mid,mid,0.67,0.78,0,0,0,1,0,0,0,1,0,1,1,1,mid,mid
TheTheoryOfEverything/TheTheoryOfEverything_006,mid,mid,0.7,0.74,0,0,0,1,0,1,0,1,0,1,1,1,mid,mid
TheTheoryOfEverything/TheTheoryOfEverything_017,high,high,0.8,0.88,0,0,0,1,0,0,0,0,0,1,0,0,high,mid
TheTheoryOfEverything/TheTheoryOfEverything_030,high,mid,0.8,0.78,0,0,0,1,0,1,0,0,0,1,0,1,high,mid
TheTheoryOfEverything/TheTheoryOfEverything_014,high,high,0.8,0.88,0,0,0,1,0,0,0,0,0,1,0,0,high,mid
TheTheoryOfEverything/TheTheoryOfEverything_001,mid,mid,0.67,0.78,0,0,0,1,0,0,0,1,0,1,1,1,mid,mid
TheTheoryOfEverything/TheTheoryOfEverything_015,mid,mid,0.67,0.78,0,0,0,1,0,0,0,1,0,1,1,1,mid,mid
TheTheoryOfEverything/TheTheoryOfEverything_022,high,high,0.8,0.88,0,0,0,1,0,0,0,0,0,1,0,0,high,mid
TheTheoryOfEverything/TheTheoryOfEverything_048,mid,mid,0.67,0.78,0,0,0,1,0,0,0,1,0,1,1,1,mid,mid
TheTheoryOfEverything/TheTheoryOfEverything_043,mid,mid,0.62,0.69,0,0,0,1,0,0,0,1,1,1,1,1,mid,mid
TheBlindSide/TheBlindSide_000,high,high,0.8,0.88,0,0,0,1,0,0,0,0,0,1,0,0,high,high
TheBlindSide/TheBlindSide_068,mid,mid,0.62,0.69,0,0,0,1,0,0,0,1,1,1,1,1,mid,mid
TheBlindSide/TheBlindSide_039,mid,mid,0.7,0.72,0,0,0,1,0,0,0,0,1,1,1,1,mid,mid
TheBlindSide/TheBlindSide_006,high,high,0.8,0.88,0,0,0,1,0,0,0,0,0,1,0,0,high,high
TheBlindSide/TheBlindSide_011,high,high,0.8,0.88,0,0,0,1,0,0,0,0,0,1,0,0,high,high
TheBlindSide/TheBlindSide_088,mid,mid,0.67,0.78,0,0,0,1,0,0,0,1,0,1,1,1,mid,mid
TheBlindSide/TheBlindSide_008,mid,mid,0.62,0.69,0,0,0,1,0,0,0,1,1,1,1,1,mid,mid
TheBlindSide/TheBlindSide_001,high,high,0.8,0.88,0,0,0,1,0,0,0,0,0,1,0,0,high,high
TheBlindSide/TheBlindSide_035,mid,mid,0.67,0.78,0,0,0,1,0,0,0,1,0,1,1,1,mid,mid
TheBlindSide/TheBlindSide_064,mid,mid,0.7,0.72,0,0,0,1,0,0,0,0,1,1,1,1,mid,mid
TheBlindSide/TheBlindSide_034,mid,mid,0.62,0.69,0,0,0,1,0,0,0,1,1,1,1,1,mid,mid
TheBlindSide/TheBlindSide_078,mid,mid,0.7,0.74,0,0,0,1,0,1,0,1,0,1,1,1,mid,mid
TheBlindSide/TheBlindSide_040,high,high,0.8,0.88,0,0,0,1,0,0,0,0,0,1,0,0,high,high
TheBlindSide/TheBlindSide_045,high,high,0.8,0.88,0,0,0,1,0,0,0,0,0,1,0,0,high,high
TheBlindSide/TheBlindSide_087,mid,mid,0.7,0.74,0,0,0,1,0,1,0,1,0,1,1,1,mid,mid
TheBlindSide/TheBlindSide_025,mid,mid,0.67,0.78,0,0,0,1,0,0,0,1,0,1,1,1,mid,mid
TheBlindSide/TheBlindSide_048,mid,mid,0.67,0.78,0,0,0,1,0,0,0,1,0,1,1,1,mid,mid
TheBlindSide/TheBlindSide_014,mid,mid,0.67,0.78,0,0,0,1,0,0,0,1,0,1,1,1,mid,mid
TheBlindSide/TheBlindSide_054,mid,high,0.63,0.85,0,1,0,1,0,0,0,0,0,1,1,0,mid,high
TheBlindSide/TheBlindSide_047,mid,mid,0.67,0.78,0,0,0,1,0,0,0,1,0,1,1,1,mid,mid
TheBlindSide/TheBlindSide_050,high,high,0.8,0.88,0,0,0,1,0,0,0,0,0,1,0,0,high,high
TheBlindSide/TheBlindSide_058,mid,mid,0.67,0.78,0,0,0,1,0,0,0,1,0,1,1,1,mid,mid
TheBlindSide/TheBlindSide_018,high,mid,0.8,0.78,0,0,0,1,0,1,0,0,0,1,0,1,high,mid
TheBlindSide/TheBlindSide_024,mid,mid,0.67,0.78,0,0,0,1,0,0,0,1,0,1,1,1,mid,mid
TheBlindSide/TheBlindSide_012,mid,mid,0.67,0.78,0,0,0,1,0,0,0,1,0,1,1,1,mid,mid
TheBlindSide/TheBlindSide_033,high,high,0.8,0.88,0,0,0,1,0,0,0,0,0,1,0,0,high,high
TheBlindSide/TheBlindSide_052,mid,mid,0.62,0.69,0,0,0,1,0,0,0,1,1,1,1,1,mid,mid
TheBlindSide/TheBlindSide_046,mid,mid,0.67,0.78,0,0,0,1,0,0,0,1,0,1,1,1,mid,mid
TheBlindSide/TheBlindSide_013,high,high,0.8,0.88,0,0,0,1,0,0,0,0,0,1,0,0,high,high
TheBlindSide/TheBlindSide_076,high,high,0.8,0.88,0,0,0,1,0,0,0,0,0,1,0,0,high,high
TheBlindSide/TheBlindSide_073,high,high,0.8,0.88,0,0,0,1,0,0,0,0,0,1,0,0,high,high
TheBlindSide/TheBlindSide_017,mid,mid,0.7,0.72,0,0,0,1,0,0,0,0,1,1,1,1,mid,mid
TheBlindSide/TheBlindSide_063,mid,mid,0.67,0.78,0,0,0,1,0,0,0,1,0,1,1,1,mid,mid
TheBlindSide/TheBlindSide_005,mid,mid,0.7,0.74,0,0,0,1,0,1,0,1,0,1,1,1,mid,mid
TheBlindSide/TheBlindSide_072,mid,mid,0.7,0.74,0,0,0,1,0,1,0,1,0,1,1,1,mid,mid
TheBlindSide/TheBlindSide_029,mid,mid,0.67,0.78,0,0,0,1,0,0,0,1,0,1,1,1,mid,mid
TheBlindSide/TheBlindSide_016,mid,mid,0.7,0.74,0,0,0,1,0,1,0,1,0,1,1,1,mid,mid
TheBlindSide/TheBlindSide_084,mid,mid,0.67,0.78,0,0,0,1,0,0,0,1,0,1,1,1,mid,mid
TheBlindSide/TheBlindSide_032,mid,mid,0.67,0.78,0,0,0,1,0,0,0,1,0,1,1,1,mid,mid
TheBlindSide/TheBlindSide_051,mid,mid,0.67,0.78,0,0,0,1,0,0,0,1,0,1,1,1,mid,mid
TheBlindSide/TheBlindSide_077,mid,mid,0.67,0.78,0,0,0,1,0,0,0,1,0,1,1,1,mid,mid
TheBlindSide/TheBlindSide_027,mid,mid,0.67,0.78,0,0,0,1,0,0,0,1,0,1,1,1,mid,mid
TheBlindSide/TheBlindSide_037,high,high,0.8,0.88,0,0,0,1,0,0,0,0,0,1,0,0,high,high
TheBlindSide/TheBlindSide_042,high,high,0.8,0.88,0,0,0,1,0,0,0,0,0,1,0,0,high,high
TheBlindSide/TheBlindSide_060,mid,high,0.63,0.85,0,1,0,1,0,0,0,0,0,1,1,0,mid,high
TheBlindSide/TheBlindSide_028,high,mid,0.8,0.78,0,0,0,1,0,1,0,0,0,1,0,1,high,mid
TheBlindSide/TheBlindSide_020,high,high,0.8,0.88,0,0,0,1,0,0,0,0,0,1,0,0,high,high
TheBlindSide/TheBlindSide_038,mid,mid,0.67,0.78,0,0,0,1,0,0,0,1,0,1,1,1,mid,mid
TheBlindSide/TheBlindSide_059,mid,mid,0.67,0.78,0,0,0,1,0,0,0,1,0,1,1,1,mid,mid
TheBlindSide/TheBlindSide_030,high,high,0.8,0.88,0,0,0,1,0,0,0,0,0,1,0,0,high,high
TheBlindSide/TheBlindSide_089,mid,mid,0.67,0.78,0,0,0,1,0,0,0,1,0,1,1,1,mid,mid
TheBlindSide/TheBlindSide_091,high,mid,0.8,0.78,0,0,0,1,0,1,0,0,0,1,0,1,high,mid
TheBlindSide/TheBlindSide_090,high,mid,0.8,0.78,0,0,0,1,0,1,0,0,0,1,0,1,high,mid
TheBlindSide/TheBlindSide_093,mid,mid,0.67,0.78,0,0,0,1,0,0,0,1,0,1,1,1,mid,mid
TheBlindSide/TheBlindSide_075,mid,mid,0.67,0.78,0,0,0,1,0,0,0,1,0,1,1,1,mid,mid
TheBlindSide/TheBlindSide_036,mid,mid,0.67,0.78,0,0,0,1,0,0,0,1,0,1,1,1,mid,mid
TheBlindSide/TheBlindSide_083,mid,mid,0.55,0.72,0,0,0,0,0,0,0,1,0,1,1,1,mid,mid
TheBlindSide/TheBlindSide_057,mid,mid,0.67,0.78,0,0,0,1,0,0,0,1,0,1,1,1,mid,mid
TheBlindSide/TheBlindSide_079,high,mid,0.8,0.78,0,0,0,1,0,1,0,0,0,1,0,1,high,mid
TheBlindSide/TheBlindSide_061,mid,high,0.63,0.85,0,1,0,1,0,0,0,0,0,1,1,0,mid,high
TheBlindSide/TheBlindSide_056,mid,high,0.63,0.85,0,1,0,1,0,0,0,0,0,1,1,0,mid,high
TheBlindSide/TheBlindSide_022,high,mid,0.8,0.78,0,0,0,1,0,1,0,0,0,1,0,1,high,mid
TheBlindSide/TheBlindSide_080,mid,mid,0.67,0.78,0,0,0,1,0,0,0,1,0,1,1,1,mid,mid
TheBlindSide/TheBlindSide_065,high,high,0.8,0.88,0,0,0,1,0,0,0,0,0,1,0,0,high,high
TheBlindSide/TheBlindSide_082,high,high,0.8,0.88,0,0,0,1,0,0,0,0,0,1,0,0,high,high
TheBlindSide/TheBlindSide_015,high,mid,0.8,0.78,0,0,0,1,0,1,0,0,0,1,0,1,high,mid
TheBlindSide/TheBlindSide_003,mid,mid,0.62,0.69,0,0,0,1,0,0,0,1,1,1,1,1,mid,mid
TheBlindSide/TheBlindSide_067,mid,mid,0.7,0.74,0,0,0,1,0,1,0,1,0,1,1,1,mid,mid
TheBlindSide/TheBlindSide_066,mid,mid,0.67,0.78,0,0,0,1,0,0,0,1,0,1,1,1,mid,mid
TheBlindSide/TheBlindSide_053,high,mid,0.8,0.78,0,0,0,1,0,1,0,0,0,1,0,1,high,mid
TheBlindSide/TheBlindSide_009,high,mid,0.8,0.78,0,0,0,1,0,1,0,0,0,1,0,1,high,mid
TheBlindSide/TheBlindSide_023,mid,mid,0.67,0.78,0,0,0,1,0,0,0,1,0,1,1,1,mid,mid
TheBlindSide/TheBlindSide_010,mid,mid,0.67,0.78,0,0,0,1,0,0,0,1,0,1,1,1,mid,mid
TheBlindSide/TheBlindSide_026,high,high,0.8,0.88,0,0,0,1,0,0,0,0,0,1,0,0,high,high
TheBlindSide/TheBlindSide_043,mid,mid,0.7,0.74,0,0,0,1,0,1,0,1,0,1,1,1,mid,mid
TheBlindSide/TheBlindSide_069,mid,mid,0.67,0.78,0,0,0,1,0,0,0,1,0,1,1,1,mid,mid
TheBlindSide/TheBlindSide_086,mid,mid,0.55,0.72,0,0,0,0,0,0,0,1,0,1,1,1,mid,mid
TheBlindSide/TheBlindSide_002,mid,mid,0.7,0.74,0,0,0,1,0,1,0,1,0,1,1,1,mid,mid
TheBlindSide/TheBlindSide_070,high,high,0.8,0.88,0,0,0,1,0,0,0,0,0,1,0,0,high,high
TheBlindSide/TheBlindSide_092,mid,mid,0.67,0.78,0,0,0,1,0,0,0,1,0,1,1,1,mid,mid
TheBlindSide/TheBlindSide_007,high,mid,0.8,0.78,0,0,0,1,0,1,0,0,0,1,0,1,high,mid
TheBlindSide/TheBlindSide_081,mid,mid,0.67,0.78,0,0,0,1,0,0,0,1,0,1,1,1,mid,mid
TheBlindSide/TheBlindSide_071,mid,mid,0.67,0.78,0,0,0,1,0,0,0,1,0,1,1,1,mid,mid
TheBlindSide/TheBlindSide_041,mid,mid,0.67,0.78,0,0,0,1,0,0,0,1,0,1,1,1,mid,mid
TheBlindSide/TheBlindSide_044,mid,mid,0.67,0.78,0,0,0,1,0,0,0,1,0,1,1,1,mid,mid
TheBlindSide/TheBlindSide_019,mid,mid,0.67,0.78,0,0,0,1,0,0,0,1,0,1,1,1,mid,mid
TheBlindSide/TheBlindSide_055,high,high,0.8,0.88,0,0,0,1,0,0,0,0,0,1,0,0,high,high
TheBlindSide/TheBlindSide_062,mid,mid,0.67,0.78,0,0,0,1,0,0,0,1,0,1,1,1,mid,mid
TheBlindSide/TheBlindSide_074,mid,mid,0.62,0.57,0,0,0,1,1,0,0,1,1,1,1,1,mid,mid
TheBlindSide/TheBlindSide_085,mid,mid,0.62,0.57,0,0,0,1,1,0,0,1,1,1,1,1,mid,mid
TheBlindSide/TheBlindSide_031,mid,mid,0.7,0.74,0,0,0,1,0,1,0,1,0,1,1,1,mid,mid
TheBlindSide/TheBlindSide_004,mid,mid,0.67,0.78,0,0,0,1,0,0,0,1,0,1,1,1,mid,mid
TheBlindSide/TheBlindSide_049,high,mid,0.8,0.78,0,0,0,1,0,1,0,0,0,1,0,1,high,mid
TheBlindSide/TheBlindSide_021,high,high,0.8,0.88,0,0,0,1,0,0,0,0,0,1,0,0,high,high
AboutTime/AboutTime_024,mid,high,0.63,0.85,0,1,0,1,0,0,0,0,0,1,1,0,mid,high
AboutTime/AboutTime_005,high,high,0.8,0.88,0,0,0,1,0,0,0,0,0,1,0,0,high,high
AboutTime/AboutTime_082,high,mid,0.8,0.78,0,0,0,1,0,1,0,0,0,1,0,1,high,mid
AboutTime/AboutTime_026,mid,mid,0.67,0.78,0,0,0,1,0,0,0,1,0,1,1,1,mid,mid
AboutTime/AboutTime_038,mid,mid,0.62,0.69,0,0,0,1,0,0,0,1,1,1,1,1,mid,mid
AboutTime/AboutTime_091,mid,mid,0.67,0.78,0,0,0,1,0,0,0,1,0,1,1,1,mid,mid
AboutTime/AboutTime_080,high,high,0.8,0.88,0,0,0,1,0,0,0,0,0,1,0,0,high,high
AboutTime/AboutTime_022,mid,mid,0.67,0.78,0,0,0,1,0,0,0,1,0,1,1,1,mid,mid
AboutTime/AboutTime_074,mid,mid,0.62,0.69,0,0,0,1,0,0,0,1,1,1,1,1,mid,mid
AboutTime/AboutTime_095,mid,mid,0.62,0.69,0,0,0,1,0,0,0,1,1,1,1,1,mid,mid
AboutTime/AboutTime_050,high,high,0.8,0.88,0,0,0,1,0,0,0,0,0,1,0,0,high,high
AboutTime/AboutTime_034,mid,mid,0.55,0.72,0,0,0,0,0,0,0,1,0,1,1,1,mid,mid
AboutTime/AboutTime_118,high,high,0.8,0.88,0,0,0,1,0,0,0,0,0,1,0,0,high,high
AboutTime/AboutTime_052,mid,mid,0.67,0.78,0,0,0,1,0,0,0,1,0,1,1,1,mid,mid
AboutTime/AboutTime_099,mid,mid,0.7,0.74,0,0,0,1,0,1,0,1,0,1,1,1,mid,mid
AboutTime/AboutTime_049,high,high,0.8,0.88,0,0,0,1,0,0,0,0,0,1,0,0,high,high
AboutTime/AboutTime_058,mid,high,0.63,0.85,0,1,0,1,0,0,0,0,0,1,1,0,mid,high
AboutTime/AboutTime_009,mid,high,0.77,0.82,0,0,0,1,0,0,1,0,0,1,1,0,high,high
AboutTime/AboutTime_066,high,high,0.8,0.88,0,0,0,1,0,0,0,0,0,1,0,0,high,high
AboutTime/AboutTime_117,mid,mid,0.67,0.78,0,0,0,1,0,0,0,1,0,1,1,1,mid,mid
AboutTime/AboutTime_105,mid,high,0.7,0.85,0,0,0,0,0,0,0,0,0,1,1,0,high,high
AboutTime/AboutTime_104,high,mid,0.8,0.78,0,0,0,1,0,1,0,0,0,1,0,1,high,mid
AboutTime/AboutTime_068,mid,mid,0.7,0.74,0,0,0,1,0,1,0,1,0,1,1,1,mid,mid
AboutTime/AboutTime_065,high,high,0.8,0.88,0,0,0,1,0,0,0,0,0,1,0,0,high,high
AboutTime/AboutTime_128,mid,mid,0.67,0.78,0,0,0,1,0,0,0,1,0,1,1,1,mid,mid
AboutTime/AboutTime_113,mid,mid,0.7,0.72,0,0,0,1,0,0,0,0,1,1,1,1,mid,mid
AboutTime/AboutTime_020,mid,mid,0.67,0.78,0,0,0,1,0,0,0,1,0,1,1,1,mid,mid
AboutTime/AboutTime_039,mid,mid,0.67,0.78,0,0,0,1,0,0,0,1,0,1,1,1,mid,mid
AboutTime/AboutTime_071,high,high,0.8,0.88,0,0,0,1,0,0,0,0,0,1,0,0,high,high
AboutTime/AboutTime_035,high,mid,0.8,0.78,0,0,0,1,0,1,0,0,0,1,0,1,high,mid
AboutTime/AboutTime_040,high,high,0.8,0.88,0,0,0,1,0,0,0,0,0,1,0,0,high,high
AboutTime/AboutTime_088,high,high,0.8,0.88,0,0,0,1,0,0,0,0,0,1,0,0,high,high
AboutTime/AboutTime_076,high,high,0.8,0.88,0,0,0,1,0,0,0,0,0,1,0,0,high,high
AboutTime/AboutTime_122,high,high,0.8,0.88,0,0,0,1,0,0,0,0,0,1,0,0,high,high
AboutTime/AboutTime_008,mid,mid,0.7,0.72,0,0,0,1,0,0,0,0,1,1,1,1,mid,mid
AboutTime/AboutTime_007,high,high,0.8,0.88,0,0,0,1,0,0,0,0,0,1,0,0,high,high
AboutTime/AboutTime_107,mid,mid,0.67,0.78,0,0,0,1,0,0,0,1,0,1,1,1,mid,mid
AboutTime/AboutTime_086,mid,mid,0.67,0.78,0,0,0,1,0,0,0,1,0,1,1,1,mid,mid
AboutTime/AboutTime_081,high,high,0.8,0.88,0,0,0,1,0,0,0,0,0,1,0,0,high,high
AboutTime/AboutTime_014,high,mid,0.8,0.78,0,0,0,1,0,1,0,0,0,1,0,1,high,mid
AboutTime/AboutTime_062,high,high,0.8,0.88,0,0,0,1,0,0,0,0,0,1,0,0,high,high
AboutTime/AboutTime_047,mid,high,0.63,0.85,0,1,0,1,0,0,0,0,0,1,1,0,mid,high
AboutTime/AboutTime_094,mid,mid,0.6,0.74,0,1,0,1,0,0,0,0,1,1,1,1,mid,high
AboutTime/AboutTime_132,mid,mid,0.7,0.74,0,0,0,1,0,1,0,1,0,1,1,1,mid,mid
AboutTime/AboutTime_003,high,high,0.8,0.88,0,0,0,1,0,0,0,0,0,1,0,0,high,high
AboutTime/AboutTime_028,high,high,0.8,0.88,0,0,0,1,0,0,0,0,0,1,0,0,high,high
AboutTime/AboutTime_130,mid,mid,0.67,0.78,0,0,0,1,0,0,0,1,0,1,1,1,mid,mid
AboutTime/AboutTime_036,mid,mid,0.67,0.78,0,0,0,1,0,0,0,1,0,1,1,1,mid,mid
AboutTime/AboutTime_030,mid,mid,0.7,0.74,0,0,0,1,0,1,0,1,0,1,1,1,mid,mid
AboutTime/AboutTime_123,mid,mid,0.67,0.78,0,0,0,1,0,0,0,1,0,1,1,1,mid,mid
AboutTime/AboutTime_108,mid,mid,0.67,0.78,0,0,0,1,0,0,0,1,0,1,1,1,mid,mid
AboutTime/AboutTime_064,mid,mid,0.67,0.78,0,0,0,1,0,0,0,1,0,1,1,1,mid,mid
AboutTime/AboutTime_072,mid,mid,0.68,0.79,0,1,0,1,0,1,0,0,0,1,1,1,high,mid
AboutTime/AboutTime_000,mid,high,0.63,0.85,0,1,0,1,0,0,0,0,0,1,1,0,mid,high
AboutTime/AboutTime_077,mid,mid,0.68,0.79,0,1,0,1,0,1,0,0,0,1,1,1,high,mid
AboutTime/AboutTime_048,mid,mid,0.67,0.78,0,0,0,1,0,0,0,1,0,1,1,1,mid,mid
AboutTime/AboutTime_090,mid,mid,0.7,0.74,0,0,0,1,0,1,0,1,0,1,1,1,mid,mid
AboutTime/AboutTime_070,high,high,0.8,0.88,0,0,0,1,0,0,0,0,0,1,0,0,high,high
AboutTime/AboutTime_136,high,high,0.8,0.88,0,0,0,1,0,0,0,0,0,1,0,0,high,high
AboutTime/AboutTime_001,mid,high,0.63,0.85,0,1,0,1,0,0,0,0,0,1,1,0,mid,high
AboutTime/AboutTime_002,mid,high,0.63,0.85,0,1,0,1,0,0,0,0,0,1,1,0,mid,high
AboutTime/AboutTime_075,mid,mid,0.55,0.72,0,0,0,0,0,0,0,1,0,1,1,1,mid,mid
AboutTime/AboutTime_025,mid,mid,0.7,0.74,0,0,0,1,0,1,0,1,0,1,1,1,mid,mid
AboutTime/AboutTime_089,high,high,0.8,0.88,0,0,0,1,0,0,0,0,0,1,0,0,high,high
AboutTime/AboutTime_059,high,high,0.8,0.88,0,0,0,1,0,0,0,0,0,1,0,0,high,high
AboutTime/AboutTime_043,high,mid,0.8,0.78,0,0,0,1,0,1,0,0,0,1,0,1,high,mid
AboutTime/AboutTime_079,mid,mid,0.67,0.78,0,0,0,1,0,0,0,1,0,1,1,1,mid,mid
AboutTime/AboutTime_016,mid,mid,0.7,0.72,0,0,0,1,0,0,0,0,1,1,1,1,mid,mid
AboutTime/AboutTime_100,mid,mid,0.67,0.78,0,0,0,1,0,0,0,1,0,1,1,1,mid,mid
AboutTime/AboutTime_109,mid,mid,0.67,0.78,0,0,0,1,0,0,0,1,0,1,1,1,mid,mid
AboutTime/AboutTime_053,mid,high,0.63,0.85,0,1,0,1,0,0,0,0,0,1,1,0,mid,high
AboutTime/AboutTime_056,mid,high,0.63,0.85,0,1,0,1,0,0,0,0,0,1,1,0,mid,high
AboutTime/AboutTime_032,high,mid,0.8,0.78,0,0,0,1,0,1,0,0,0,1,0,1,high,mid
AboutTime/AboutTime_046,mid,mid,0.67,0.78,0,0,0,1,0,0,0,1,0,1,1,1,mid,mid
AboutTime/AboutTime_114,mid,mid,0.67,0.78,0,0,0,1,0,0,0,1,0,1,1,1,mid,mid
AboutTime/AboutTime_127,high,high,0.8,0.88,0,0,0,1,0,0,0,0,0,1,0,0,high,high
AboutTime/AboutTime_012,high,high,0.8,0.88,0,0,0,1,0,0,0,0,0,1,0,0,high,high
AboutTime/AboutTime_085,mid,mid,0.67,0.78,0,0,0,1,0,0,0,1,0,1,1,1,mid,mid
AboutTime/AboutTime_045,high,high,0.8,0.88,0,0,0,1,0,0,0,0,0,1,0,0,high,high
AboutTime/AboutTime_004,mid,mid,0.67,0.78,0,0,0,1,0,0,0,1,0,1,1,1,mid,mid
AboutTime/AboutTime_073,mid,mid,0.68,0.79,0,1,0,1,0,1,0,0,0,1,1,1,high,mid
AboutTime/AboutTime_061,mid,mid,0.7,0.74,0,0,0,1,0,1,0,1,0,1,1,1,mid,mid
AboutTime/AboutTime_037,mid,mid,0.67,0.78,0,0,0,1,0,0,0,1,0,1,1,1,mid,mid
AboutTime/AboutTime_112,mid,mid,0.67,0.78,0,0,0,1,0,0,0,1,0,1,1,1,mid,mid
AboutTime/AboutTime_033,mid,mid,0.67,0.78,0,0,0,1,0,0,0,1,0,1,1,1,mid,mid
AboutTime/AboutTime_115,high,high,0.8,0.88,0,0,0,1,0,0,0,0,0,1,0,0,high,high
AboutTime/AboutTime_135,high,high,0.8,0.88,0,0,0,1,0,0,0,0,0,1,0,0,high,high
AboutTime/AboutTime_029,mid,mid,0.67,0.78,0,0,0,1,0,0,0,1,0,1,1,1,mid,mid
AboutTime/AboutTime_103,high,high,0.8,0.88,0,0,0,1,0,0,0,0,0,1,0,0,high,high
AboutTime/AboutTime_019,high,mid,0.8,0.78,0,0,0,1,0,1,0,0,0,1,0,1,high,mid
AboutTime/AboutTime_110,mid,mid,0.62,0.69,0,0,0,1,0,0,0,1,1,1,1,1,mid,mid
AboutTime/AboutTime_097,mid,mid,0.62,0.69,0,0,0,1,0,0,0,1,1,1,1,1,mid,mid
AboutTime/AboutTime_041,high,mid,0.8,0.78,0,0,0,1,0,1,0,0,0,1,0,1,high,mid
AboutTime/AboutTime_133,high,high,0.8,0.88,0,0,0,1,0,0,0,0,0,1,0,0,high,high
AboutTime/AboutTime_134,high,high,0.8,0.88,0,0,0,1,0,0,0,0,0,1,0,0,high,high
AboutTime/AboutTime_119,mid,mid,0.7,0.74,0,0,0,1,0,1,0,1,0,1,1,1,mid,mid
AboutTime/AboutTime_055,mid,mid,0.7,0.74,0,0,0,1,0,1,0,1,0,1,1,1,mid,mid
AboutTime/AboutTime_098,mid,mid,0.62,0.69,0,0,0,1,0,0,0,1,1,1,1,1,mid,mid
AboutTime/AboutTime_063,high,high,0.8,0.88,0,0,0,1,0,0,0,0,0,1,0,0,high,high
AboutTime/AboutTime_027,mid,mid,0.67,0.78,0,0,0,1,0,0,0,1,0,1,1,1,mid,mid
AboutTime/AboutTime_121,high,high,0.8,0.88,0,0,0,1,0,0,0,0,0,1,0,0,high,high
AboutTime/AboutTime_054,mid,mid,0.67,0.78,0,0,0,1,0,0,0,1,0,1,1,1,mid,mid
AboutTime/AboutTime_060,high,high,0.8,0.88,0,0,0,1,0,0,0,0,0,1,0,0,high,high
AboutTime/AboutTime_015,mid,mid,0.57,0.79,0,1,0,1,0,0,0,1,0,1,1,1,mid,mid
AboutTime/AboutTime_126,mid,mid,0.7,0.72,0,0,0,1,0,0,0,0,1,1,1,1,mid,mid
AboutTime/AboutTime_067,high,high,0.8,0.88,0,0,0,1,0,0,0,0,0,1,0,0,high,high
AboutTime/AboutTime_017,mid,mid,0.62,0.75,0,1,0,1,0,1,0,1,0,1,1,1,mid,mid
AboutTime/AboutTime_057,mid,mid,0.67,0.78,0,0,0,1,0,0,0,1,0,1,1,1,mid,mid
AboutTime/AboutTime_084,mid,mid,0.67,0.78,0,0,0,1,0,0,0,1,0,1,1,1,mid,mid
AboutTime/AboutTime_125,mid,high,0.63,0.85,0,1,0,1,0,0,0,0,0,1,1,0,mid,high
AboutTime/AboutTime_010,mid,mid,0.67,0.78,0,0,0,1,0,0,0,1,0,1,1,1,mid,mid
AboutTime/AboutTime_042,mid,mid,0.67,0.78,0,0,0,1,0,0,0,1,0,1,1,1,mid,mid
AboutTime/AboutTime_011,high,mid,0.8,0.78,0,0,0,1,0,1,0,0,0,1,0,1,high,mid
AboutTime/AboutTime_069,mid,high,0.77,0.82,0,0,0,1,0,0,1,0,0,1,1,0,high,high
AboutTime/AboutTime_124,mid,mid,0.67,0.78,0,0,0,1,0,0,0,1,0,1,1,1,mid,mid
AboutTime/AboutTime_021,mid,mid,0.7,0.74,0,0,0,1,0,1,0,1,0,1,1,1,mid,mid
AboutTime/AboutTime_120,mid,mid,0.7,0.74,0,0,0,1,0,1,0,1,0,1,1,1,mid,mid
AboutTime/AboutTime_131,mid,mid,0.67,0.78,0,0,0,1,0,0,0,1,0,1,1,1,mid,mid
AboutTime/AboutTime_111,mid,mid,0.62,0.69,0,0,0,1,0,0,0,1,1,1,1,1,mid,mid
AboutTime/AboutTime_023,mid,mid,0.67,0.78,0,0,0,1,0,0,0,1,0,1,1,1,mid,mid
AboutTime/AboutTime_096,high,high,0.8,0.88,0,0,0,1,0,0,0,0,0,1,0,0,high,high
AboutTime/AboutTime_018,mid,mid,0.67,0.78,0,0,0,1,0,0,0,1,0,1,1,1,mid,mid
AboutTime/AboutTime_101,mid,mid,0.67,0.78,0,0,0,1,0,0,0,1,0,1,1,1,mid,mid
AboutTime/AboutTime_051,high,mid,0.8,0.78,0,0,0,1,0,1,0,0,0,1,0,1,high,mid
AboutTime/AboutTime_044,high,high,0.8,0.88,0,0,0,1,0,0,0,0,0,1,0,0,high,high
AboutTime/AboutTime_093,high,high,0.8,0.88,0,0,0,1,0,0,0,0,0,1,0,0,high,high
AboutTime/AboutTime_106,mid,mid,0.67,0.78,0,0,0,1,0,0,0,1,0,1,1,1,mid,mid
AboutTime/AboutTime_083,high,high,0.8,0.88,0,0,0,1,0,0,0,0,0,1,0,0,high,high
AboutTime/AboutTime_013,mid,mid,0.7,0.74,0,0,0,1,0,1,0,1,0,1,1,1,mid,mid
AboutTime/AboutTime_116,mid,mid,0.67,0.78,0,0,0,1,0,0,0,1,0,1,1,1,mid,mid
AboutTime/AboutTime_006,high,high,0.8,0.88,0,0,0,1,0,0,0,0,0,1,0,0,high,high
AboutTime/AboutTime_087,mid,mid,0.67,0.78,0,0,0,1,0,0,0,1,0,1,1,1,mid,mid
AboutTime/AboutTime_129,high,high,0.8,0.88,0,0,0,1,0,0,0,0,0,1,0,0,high,high
AboutTime/AboutTime_102,mid,mid,0.67,0.78,0,0,0,1,0,0,0,1,0,1,1,1,mid,mid
AboutTime/AboutTime_078,high,high,0.8,0.88,0,0,0,1,0,0,0,0,0,1,0,0,high,high
AboutTime/AboutTime_031,mid,mid,0.57,0.79,0,1,0,1,0,0,0,1,0,1,1,1,mid,mid
AboutTime/AboutTime_092,mid,mid,0.67,0.78,0,0,0,1,0,0,0,1,0,1,1,1,mid,mid
TheJudge/TheJudge_002,mid,mid,0.7,0.72,0,0,0,1,0,0,0,0,1,1,1,1,mid,mid
TheJudge/TheJudge_005,high,mid,0.8,0.78,0,0,0,1,0,1,0,0,0,1,0,1,mid,mid
TheJudge/TheJudge_059,mid,mid,0.67,0.78,0,0,0,1,0,0,0,1,0,1,1,1,mid,mid
TheJudge/TheJudge_076,mid,mid,0.67,0.78,0,0,0,1,0,0,0,1,0,1,1,1,mid,mid
TheJudge/TheJudge_106,mid,mid,0.67,0.78,0,0,0,1,0,0,0,1,0,1,1,1,mid,mid
TheJudge/TheJudge_047,mid,mid,0.67,0.78,0,0,0,1,0,0,0,1,0,1,1,1,mid,mid
TheJudge/TheJudge_108,high,high,0.8,0.88,0,0,0,1,0,0,0,0,0,1,0,0,mid,high
TheJudge/TheJudge_114,mid,mid,0.67,0.78,0,0,0,1,0,0,0,1,0,1,1,1,mid,mid
TheJudge/TheJudge_068,mid,mid,0.7,0.72,0,0,0,1,0,0,0,0,1,1,1,1,mid,mid
TheJudge/TheJudge_089,mid,mid,0.67,0.78,0,0,0,1,0,0,0,1,0,1,1,1,mid,mid
TheJudge/TheJudge_151,mid,mid,0.7,0.74,0,0,0,1,0,1,0,1,0,1,1,1,mid,mid
TheJudge/TheJudge_021,mid,high,0.63,0.85,0,1,0,1,0,0,0,0,0,1,1,0,mid,high
TheJudge/TheJudge_006,mid,mid,0.67,0.78,0,0,0,1,0,0,0,1,0,1,1,1,mid,mid
TheJudge/TheJudge_103,mid,high,0.63,0.85,0,1,0,1,0,0,0,0,0,1,1,0,mid,high
TheJudge/TheJudge_125,mid,mid,0.67,0.78,0,0,0,1,0,0,0,1,0,1,1,1,mid,mid
TheJudge/TheJudge_141,high,high,0.8,0.88,0,0,0,1,0,0,0,0,0,1,0,0,mid,high
TheJudge/TheJudge_009,mid,mid,0.67,0.78,0,0,0,1,0,0,0,1,0,1,1,1,mid,mid
TheJudge/TheJudge_147,mid,mid,0.7,0.74,0,0,0,1,0,1,0,1,0,1,1,1,mid,mid
TheJudge/TheJudge_104,mid,mid,0.62,0.69,0,0,0,1,0,0,0,1,1,1,1,1,mid,mid
TheJudge/TheJudge_062,mid,mid,0.67,0.78,0,0,0,1,0,0,0,1,0,1,1,1,mid,mid
TheJudge/TheJudge_016,mid,mid,0.7,0.74,0,0,0,1,0,1,0,1,0,1,1,1,mid,mid
TheJudge/TheJudge_148,mid,mid,0.57,0.79,0,1,0,1,0,0,0,1,0,1,1,1,mid,mid
TheJudge/TheJudge_074,mid,mid,0.57,0.79,0,1,0,1,0,0,0,1,0,1,1,1,mid,mid
TheJudge/TheJudge_045,mid,mid,0.67,0.78,0,0,0,1,0,0,0,1,0,1,1,1,mid,mid
TheJudge/TheJudge_031,mid,mid,0.67,0.78,0,0,0,1,0,0,0,1,0,1,1,1,mid,mid
TheJudge/TheJudge_015,mid,mid,0.7,0.74,0,0,0,1,0,1,0,1,0,1,1,1,mid,mid
TheJudge/TheJudge_000,mid,mid,0.7,0.72,0,0,0,1,0,0,0,0,1,1,1,1,mid,mid
TheJudge/TheJudge_085,mid,high,0.63,0.85,0,1,0,1,0,0,0,0,0,1,1,0,mid,high
TheJudge/TheJudge_037,mid,mid,0.62,0.69,0,0,0,1,0,0,0,1,1,1,1,1,mid,mid
TheJudge/TheJudge_041,mid,high,0.63,0.85,0,1,0,1,0,0,0,0,0,1,1,0,mid,high
TheJudge/TheJudge_134,mid,mid,0.66,0.67,0,0,0,1,0,1,0,1,1,1,1,1,mid,mid
TheJudge/TheJudge_110,mid,mid,0.67,0.78,0,0,0,1,0,0,0,1,0,1,1,1,mid,mid
TheJudge/TheJudge_136,mid,mid,0.7,0.74,0,0,0,1,0,1,0,1,0,1,1,1,mid,mid
TheJudge/TheJudge_097,mid,mid,0.7,0.74,0,0,0,1,0,1,0,1,0,1,1,1,mid,mid
TheJudge/TheJudge_137,mid,mid,0.67,0.78,0,0,0,1,0,0,0,1,0,1,1,1,mid,mid
TheJudge/TheJudge_083,mid,mid,0.7,0.74,0,0,0,1,0,1,0,1,0,1,1,1,mid,mid
TheJudge/TheJudge_066,high,high,0.8,0.88,0,0,0,1,0,0,0,0,0,1,0,0,mid,high
TheJudge/TheJudge_115,mid,mid,0.67,0.78,0,0,0,1,0,0,0,1,0,1,1,1,mid,mid
TheJudge/TheJudge_077,mid,mid,0.67,0.78,0,0,0,1,0,0,0,1,0,1,1,1,mid,mid
TheJudge/TheJudge_113,mid,mid,0.7,0.74,0,0,0,1,0,1,0,1,0,1,1,1,mid,mid
TheJudge/TheJudge_007,mid,mid,0.67,0.78,0,0,0,1,0,0,0,1,0,1,1,1,mid,mid
TheJudge/TheJudge_038,mid,mid,0.7,0.74,0,0,0,1,0,1,0,1,0,1,1,1,mid,mid
TheJudge/TheJudge_075,high,high,0.8,0.88,0,0,0,1,0,0,0,0,0,1,0,0,mid,high
TheJudge/TheJudge_028,mid,mid,0.67,0.78,0,0,0,1,0,0,0,1,0,1,1,1,mid,mid
TheJudge/TheJudge_040,mid,high,0.63,0.85,0,1,0,1,0,0,0,0,0,1,1,0,mid,high
TheJudge/TheJudge_128,mid,mid,0.7,0.72,0,0,0,1,0,0,0,0,1,1,1,1,mid,mid
TheJudge/TheJudge_071,high,high,0.8,0.88,0,0,0,1,0,0,0,0,0,1,0,0,mid,high
TheJudge/TheJudge_046,high,high,0.8,0.88,0,0,0,1,0,0,0,0,0,1,0,0,mid,high
TheJudge/TheJudge_088,mid,mid,0.67,0.78,0,0,0,1,0,0,0,1,0,1,1,1,mid,mid
TheJudge/TheJudge_122,mid,mid,0.57,0.79,0,1,0,1,0,0,0,1,0,1,1,1,mid,mid
TheJudge/TheJudge_011,mid,mid,0.67,0.78,0,0,0,1,0,0,0,1,0,1,1,1,mid,mid
TheJudge/TheJudge_051,mid,mid,0.62,0.69,0,0,0,1,0,0,0,1,1,1,1,1,mid,mid
TheJudge/TheJudge_120,mid,mid,0.67,0.78,0,0,0,1,0,0,0,1,0,1,1,1,mid,mid
TheJudge/TheJudge_109,mid,mid,0.67,0.78,0,0,0,1,0,0,0,1,0,1,1,1,mid,mid
TheJudge/TheJudge_084,mid,mid,0.67,0.78,0,0,0,1,0,0,0,1,0,1,1,1,mid,mid
TheJudge/TheJudge_099,mid,mid,0.67,0.78,0,0,0,1,0,0,0,1,0,1,1,1,mid,mid
TheJudge/TheJudge_060,high,high,0.8,0.88,0,0,0,1,0,0,0,0,0,1,0,0,mid,high
TheJudge/TheJudge_094,mid,mid,0.67,0.78,0,0,0,1,0,0,0,1,0,1,1,1,mid,mid
TheJudge/TheJudge_039,mid,mid,0.67,0.78,0,0,0,1,0,0,0,1,0,1,1,1,mid,mid
TheJudge/TheJudge_067,mid,mid,0.7,0.72,0,0,0,1,0,0,0,0,1,1,1,1,mid,mid
TheJudge/TheJudge_080,mid,mid,0.7,0.74,0,0,0,1,0,1,0,1,0,1,1,1,mid,mid
TheJudge/TheJudge_086,high,high,0.8,0.88,0,0,0,1,0,0,0,0,0,1,0,0,mid,high
TheJudge/TheJudge_069,mid,mid,0.67,0.78,0,0,0,1,0,0,0,1,0,1,1,1,mid,mid
TheJudge/TheJudge_143,high,mid,0.8,0.78,0,0,0,1,0,1,0,0,0,1,0,1,mid,mid
TheJudge/TheJudge_034,mid,mid,0.67,0.78,0,0,0,1,0,0,0,1,0,1,1,1,mid,mid
TheJudge/TheJudge_129,mid,mid,0.62,0.69,0,0,0,1,0,0,0,1,1,1,1,1,mid,mid
TheJudge/TheJudge_082,mid,mid,0.67,0.78,0,0,0,1,0,0,0,1,0,1,1,1,mid,mid
TheJudge/TheJudge_124,mid,mid,0.67,0.78,0,0,0,1,0,0,0,1,0,1,1,1,mid,mid
TheJudge/TheJudge_049,mid,mid,0.67,0.78,0,0,0,1,0,0,0,1,0,1,1,1,mid,mid
TheJudge/TheJudge_126,mid,mid,0.7,0.74,0,0,0,1,0,1,0,1,0,1,1,1,mid,mid
TheJudge/TheJudge_057,mid,mid,0.67,0.78,0,0,0,1,0,0,0,1,0,1,1,1,mid,mid
TheJudge/TheJudge_152,mid,mid,0.67,0.78,0,0,0,1,0,0,0,1,0,1,1,1,mid,mid
TheJudge/TheJudge_053,mid,mid,0.62,0.69,0,0,0,1,0,0,0,1,1,1,1,1,mid,mid
TheJudge/TheJudge_073,mid,mid,0.7,0.74,0,0,0,1,0,1,0,1,0,1,1,1,mid,mid
TheJudge/TheJudge_030,mid,mid,0.67,0.78,0,0,0,1,0,0,0,1,0,1,1,1,mid,mid
TheJudge/TheJudge_111,mid,mid,0.62,0.69,0,0,0,1,0,0,0,1,1,1,1,1,mid,mid
TheJudge/TheJudge_023,mid,mid,0.7,0.72,0,0,0,1,0,0,0,0,1,1,1,1,mid,mid
TheJudge/TheJudge_061,mid,mid,0.62,0.69,0,0,0,1,0,0,0,1,1,1,1,1,mid,mid
TheJudge/TheJudge_138,mid,mid,0.7,0.74,0,0,0,1,0,1,0,1,0,1,1,1,mid,mid
TheJudge/TheJudge_119,mid,mid,0.62,0.69,0,0,0,1,0,0,0,1,1,1,1,1,mid,mid
TheJudge/TheJudge_001,high,mid,0.8,0.78,0,0,0,1,0,1,0,0,0,1,0,1,mid,mid
TheJudge/TheJudge_070,mid,mid,0.67,0.78,0,0,0,1,0,0,0,1,0,1,1,1,mid,mid
TheJudge/TheJudge_032,mid,mid,0.7,0.74,0,0,0,1,0,1,0,1,0,1,1,1,mid,mid
TheJudge/TheJudge_055,mid,mid,0.67,0.78,0,0,0,1,0,0,0,1,0,1,1,1,mid,mid
TheJudge/TheJudge_048,mid,mid,0.67,0.78,0,0,0,1,0,0,0,1,0,1,1,1,mid,mid
TheJudge/TheJudge_139,mid,mid,0.67,0.78,0,0,0,1,0,0,0,1,0,1,1,1,mid,mid
TheJudge/TheJudge_017,mid,mid,0.67,0.78,0,0,0,1,0,0,0,1,0,1,1,1,mid,mid
TheJudge/TheJudge_087,mid,mid,0.67,0.78,0,0,0,1,0,0,0,1,0,1,1,1,mid,mid
TheJudge/TheJudge_130,mid,mid,0.7,0.74,0,0,0,1,0,1,0,1,0,1,1,1,mid,mid
TheJudge/TheJudge_098,mid,mid,0.67,0.78,0,0,0,1,0,0,0,1,0,1,1,1,mid,mid
TheJudge/TheJudge_035,mid,mid,0.67,0.77,0,1,0,1,0,1,0,0,0,0,1,1,mid,high
TheJudge/TheJudge_150,mid,mid,0.67,0.78,0,0,0,1,0,0,0,1,0,1,1,1,mid,mid
TheJudge/TheJudge_033,mid,mid,0.67,0.78,0,0,0,1,0,0,0,1,0,1,1,1,mid,mid
TheJudge/TheJudge_004,mid,mid,0.7,0.74,0,0,0,1,0,1,0,1,0,1,1,1,mid,mid
TheJudge/TheJudge_142,high,high,0.8,0.88,0,0,0,1,0,0,0,0,0,1,0,0,mid,high
TheJudge/TheJudge_050,high,high,0.8,0.88,0,0,0,1,0,0,0,0,0,1,0,0,mid,high
TheJudge/TheJudge_132,mid,high,0.63,0.85,0,1,0,1,0,0,0,0,0,1,1,0,mid,high
TheJudge/TheJudge_092,mid,mid,0.7,0.74,0,0,0,1,0,1,0,1,0,1,1,1,mid,mid
TheJudge/TheJudge_102,high,high,0.8,0.88,0,0,0,1,0,0,0,0,0,1,0,0,mid,high
TheJudge/TheJudge_118,high,high,0.8,0.88,0,0,0,1,0,0,0,0,0,1,0,0,mid,high
TheJudge/TheJudge_063,mid,mid,0.67,0.78,0,0,0,1,0,0,0,1,0,1,1,1,mid,mid
TheJudge/TheJudge_020,mid,mid,0.67,0.78,0,0,0,1,0,0,0,1,0,1,1,1,mid,mid
TheJudge/TheJudge_146,high,high,0.8,0.88,0,0,0,1,0,0,0,0,0,1,0,0,mid,high
TheJudge/TheJudge_008,mid,mid,0.67,0.78,0,0,0,1,0,0,0,1,0,1,1,1,mid,mid
TheJudge/TheJudge_072,mid,high,0.63,0.85,0,1,0,1,0,0,0,0,0,1,1,0,mid,high
TheJudge/TheJudge_010,high,mid,0.8,0.78,0,0,0,1,0,1,0,0,0,1,0,1,mid,mid
TheJudge/TheJudge_081,high,high,0.8,0.88,0,0,0,1,0,0,0,0,0,1,0,0,mid,high
TheJudge/TheJudge_100,mid,mid,0.7,0.74,0,0,0,1,0,1,0,1,0,1,1,1,mid,mid
TheJudge/TheJudge_036,mid,mid,0.67,0.78,0,0,0,1,0,0,0,1,0,1,1,1,mid,mid
TheJudge/TheJudge_024,mid,mid,0.67,0.78,0,0,0,1,0,0,0,1,0,1,1,1,mid,mid
TheJudge/TheJudge_012,mid,mid,0.7,0.74,0,0,0,1,0,1,0,1,0,1,1,1,mid,mid
TheJudge/TheJudge_026,high,high,0.8,0.88,0,0,0,1,0,0,0,0,0,1,0,0,mid,high
TheJudge/TheJudge_116,mid,mid,0.7,0.74,0,0,0,1,0,1,0,1,0,1,1,1,mid,mid
TheJudge/TheJudge_121,mid,high,0.63,0.85,0,1,0,1,0,0,0,0,0,1,1,0,mid,high
TheJudge/TheJudge_054,mid,mid,0.6,0.74,0,1,0,1,0,0,0,0,1,1,1,1,mid,mid
TheJudge/TheJudge_003,mid,mid,0.7,0.72,0,0,0,1,0,0,0,0,1,1,1,1,mid,mid
TheJudge/TheJudge_056,mid,mid,0.67,0.78,0,0,0,1,0,0,0,1,0,1,1,1,mid,mid
TheJudge/TheJudge_135,mid,mid,0.67,0.78,0,0,0,1,0,0,0,1,0,1,1,1,mid,mid
TheJudge/TheJudge_093,mid,mid,0.7,0.72,0,0,0,1,0,0,0,0,1,1,1,1,mid,mid
TheJudge/TheJudge_101,high,high,0.8,0.88,0,0,0,1,0,0,0,0,0,1,0,0,mid,high
TheJudge/TheJudge_043,mid,mid,0.62,0.69,0,0,0,1,0,0,0,1,1,1,1,1,mid,mid
TheJudge/TheJudge_123,mid,mid,0.62,0.69,0,0,0,1,0,0,0,1,1,1,1,1,mid,mid
TheJudge/TheJudge_096,high,high,0.8,0.88,0,0,0,1,0,0,0,0,0,1,0,0,mid,high
TheJudge/TheJudge_042,high,high,0.8,0.88,0,0,0,1,0,0,0,0,0,1,0,0,mid,high
TheJudge/TheJudge_131,mid,mid,0.67,0.78,0,0,0,1,0,0,0,1,0,1,1,1,mid,mid
TheJudge/TheJudge_149,mid,mid,0.67,0.78,0,0,0,1,0,0,0,1,0,1,1,1,mid,mid
TheJudge/TheJudge_107,mid,mid,0.67,0.78,0,0,0,1,0,0,0,1,0,1,1,1,mid,mid
TheJudge/TheJudge_065,mid,mid,0.7,0.74,0,0,0,1,0,1,0,1,0,1,1,1,mid,mid
TheJudge/TheJudge_027,mid,mid,0.67,0.78,0,0,0,1,0,0,0,1,0,1,1,1,mid,mid
TheJudge/TheJudge_091,high,high,0.8,0.88,0,0,0,1,0,0,0,0,0,1,0,0,mid,high
TheJudge/TheJudge_145,mid,mid,0.67,0.78,0,0,0,1,0,0,0,1,0,1,1,1,mid,mid
TheJudge/TheJudge_078,high,high,0.8,0.88,0,0,0,1,0,0,0,0,0,1,0,0,mid,high
TheJudge/TheJudge_019,mid,mid,0.67,0.78,0,0,0,1,0,0,0,1,0,1,1,1,mid,mid
TheJudge/TheJudge_112,mid,mid,0.67,0.78,0,0,0,1,0,0,0,1,0,1,1,1,mid,mid
TheJudge/TheJudge_025,high,mid,0.8,0.78,0,0,0,1,0,1,0,0,0,1,0,1,mid,mid
TheJudge/TheJudge_133,mid,mid,0.57,0.79,0,1,0,1,0,0,0,1,0,1,1,1,mid,mid
TheJudge/TheJudge_058,mid,mid,0.67,0.78,0,0,0,1,0,0,0,1,0,1,1,1,mid,mid
TheJudge/TheJudge_064,mid,mid,0.62,0.69,0,0,0,1,0,0,0,1,1,1,1,1,mid,mid
TheJudge/TheJudge_022,mid,mid,0.57,0.79,0,1,0,1,0,0,0,1,0,1,1,1,mid,mid
TheJudge/TheJudge_079,high,high,0.8,0.88,0,0,0,1,0,0,0,0,0,1,0,0,mid,high
TheJudge/TheJudge_144,high,high,0.8,0.88,0,0,0,1,0,0,0,0,0,1,0,0,mid,high
TheJudge/TheJudge_127,mid,mid,0.67,0.78,0,0,0,1,0,0,0,1,0,1,1,1,mid,mid
TheJudge/TheJudge_140,mid,mid,0.7,0.74,0,0,0,1,0,1,0,1,0,1,1,1,mid,mid
TheJudge/TheJudge_014,mid,mid,0.67,0.78,0,0,0,1,0,0,0,1,0,1,1,1,mid,mid
TheJudge/TheJudge_117,mid,mid,0.67,0.78,0,0,0,1,0,0,0,1,0,1,1,1,mid,mid
TheJudge/TheJudge_029,mid,mid,0.7,0.74,0,0,0,1,0,1,0,1,0,1,1,1,mid,mid
TheJudge/TheJudge_018,mid,mid,0.62,0.69,0,0,0,1,0,0,0,1,1,1,1,1,mid,mid
TheJudge/TheJudge_013,mid,mid,0.7,0.72,0,0,0,1,0,0,0,0,1,1,1,1,mid,mid
TheJudge/TheJudge_105,mid,mid,0.67,0.78,0,0,0,1,0,0,0,1,0,1,1,1,mid,mid
TheJudge/TheJudge_095,mid,mid,0.7,0.74,0,0,0,1,0,1,0,1,0,1,1,1,mid,mid
TheJudge/TheJudge_153,high,mid,0.8,0.78,0,0,0,1,0,1,0,0,0,1,0,1,mid,mid
TheJudge/TheJudge_044,mid,mid,0.62,0.69,0,0,0,1,0,0,0,1,1,1,1,1,mid,mid
TheJudge/TheJudge_052,mid,mid,0.67,0.78,0,0,0,1,0,0,0,1,0,1,1,1,mid,mid
TheJudge/TheJudge_090,high,high,0.8,0.88,0,0,0,1,0,0,0,0,0,1,0,0,mid,high
Wonder/Wonder_096,mid,mid,0.67,0.78,0,0,0,1,0,0,0,1,0,1,1,1,mid,mid
Wonder/Wonder_017,high,mid,0.8,0.78,0,0,0,1,0,1,0,0,0,1,0,1,high,mid
Wonder/Wonder_143,high,high,0.8,0.88,0,0,0,1,0,0,0,0,0,1,0,0,high,high
Wonder/Wonder_049,mid,mid,0.67,0.78,0,0,0,1,0,0,0,1,0,1,1,1,mid,mid
Wonder/Wonder_026,mid,mid,0.67,0.78,0,0,0,1,0,0,0,1,0,1,1,1,mid,mid
Wonder/Wonder_014,mid,mid,0.7,0.74,0,0,0,1,0,1,0,1,0,1,1,1,mid,mid
Wonder/Wonder_137,mid,mid,0.67,0.78,0,0,0,1,0,0,0,1,0,1,1,1,mid,mid
Wonder/Wonder_114,mid,mid,0.67,0.78,0,0,0,1,0,0,0,1,0,1,1,1,mid,mid
Wonder/Wonder_129,mid,mid,0.7,0.74,0,0,0,1,0,1,0,1,0,1,1,1,mid,mid
Wonder/Wonder_115,high,high,0.8,0.88,0,0,0,1,0,0,0,0,0,1,0,0,high,high
Wonder/Wonder_007,high,high,0.8,0.88,0,0,0,1,0,0,0,0,0,1,0,0,high,high
Wonder/Wonder_029,mid,mid,0.67,0.78,0,0,0,1,0,0,0,1,0,1,1,1,mid,mid
Wonder/Wonder_041,mid,mid,0.7,0.74,0,0,0,1,0,1,0,1,0,1,1,1,mid,mid
Wonder/Wonder_008,high,high,0.8,0.88,0,0,0,1,0,0,0,0,0,1,0,0,high,high
Wonder/Wonder_093,high,mid,0.8,0.78,0,0,0,1,0,1,0,0,0,1,0,1,high,mid
Wonder/Wonder_111,high,mid,0.8,0.78,0,0,0,1,0,1,0,0,0,1,0,1,high,mid
Wonder/Wonder_081,mid,high,0.63,0.85,0,1,0,1,0,0,0,0,0,1,1,0,mid,high
Wonder/Wonder_055,high,high,0.8,0.88,0,0,0,1,0,0,0,0,0,1,0,0,high,high
Wonder/Wonder_091,high,mid,0.8,0.78,0,0,0,1,0,1,0,0,0,1,0,1,high,mid
Wonder/Wonder_040,high,mid,0.8,0.78,0,0,0,1,0,1,0,0,0,1,0,1,high,mid
Wonder/Wonder_071,mid,mid,0.7,0.74,0,0,0,1,0,1,0,1,0,1,1,1,mid,mid
Wonder/Wonder_047,mid,mid,0.7,0.74,0,0,0,1,0,1,0,1,0,1,1,1,mid,mid
Wonder/Wonder_039,mid,mid,0.67,0.78,0,0,0,1,0,0,0,1,0,1,1,1,mid,mid
Wonder/Wonder_148,high,high,0.8,0.88,0,0,0,1,0,0,0,0,0,1,0,0,high,high
Wonder/Wonder_116,mid,mid,0.7,0.74,0,0,0,1,0,1,0,1,0,1,1,1,mid,mid
Wonder/Wonder_127,mid,mid,0.68,0.79,0,1,0,1,0,1,0,0,0,1,1,1,mid,mid
Wonder/Wonder_077,mid,mid,0.62,0.69,0,0,0,1,0,0,0,1,1,1,1,1,mid,mid
Wonder/Wonder_005,mid,mid,0.67,0.78,0,0,0,1,0,0,0,1,0,1,1,1,mid,mid
Wonder/Wonder_112,mid,mid,0.7,0.74,0,0,0,1,0,1,0,1,0,1,1,1,mid,mid
Wonder/Wonder_052,mid,mid,0.67,0.78,0,0,0,1,0,0,0,1,0,1,1,1,mid,mid
Wonder/Wonder_134,mid,mid,0.62,0.69,0,0,0,1,0,0,0,1,1,1,1,1,mid,mid
Wonder/Wonder_009,mid,mid,0.7,0.74,0,0,0,1,0,1,0,1,0,1,1,1,mid,mid
Wonder/Wonder_021,mid,mid,0.67,0.78,0,0,0,1,0,0,0,1,0,1,1,1,mid,mid
Wonder/Wonder_126,mid,mid,0.67,0.78,0,0,0,1,0,0,0,1,0,1,1,1,mid,mid
Wonder/Wonder_050,mid,mid,0.7,0.74,0,0,0,1,0,1,0,1,0,1,1,1,mid,mid
Wonder/Wonder_062,mid,mid,0.62,0.69,0,0,0,1,0,0,0,1,1,1,1,1,mid,mid
Wonder/Wonder_154,mid,mid,0.68,0.79,0,1,0,1,0,1,0,0,0,1,1,1,mid,mid
Wonder/Wonder_084,high,high,0.8,0.88,0,0,0,1,0,0,0,0,0,1,0,0,high,high
Wonder/Wonder_035,high,mid,0.8,0.78,0,0,0,1,0,1,0,0,0,1,0,1,high,mid
Wonder/Wonder_140,mid,mid,0.67,0.78,0,0,0,1,0,0,0,1,0,1,1,1,mid,mid
Wonder/Wonder_006,mid,high,0.63,0.85,0,1,0,1,0,0,0,0,0,1,1,0,mid,high
Wonder/Wonder_130,mid,mid,0.67,0.78,0,0,0,1,0,0,0,1,0,1,1,1,mid,mid
Wonder/Wonder_061,mid,mid,0.67,0.78,0,0,0,1,0,0,0,1,0,1,1,1,mid,mid
Wonder/Wonder_076,high,high,0.8,0.88,0,0,0,1,0,0,0,0,0,1,0,0,high,high
Wonder/Wonder_000,mid,mid,0.67,0.78,0,0,0,1,0,0,0,1,0,1,1,1,mid,mid
Wonder/Wonder_024,mid,mid,0.7,0.74,0,0,0,1,0,1,0,1,0,1,1,1,mid,mid
Wonder/Wonder_109,mid,mid,0.7,0.74,0,0,0,1,0,1,0,1,0,1,1,1,mid,mid
Wonder/Wonder_135,mid,mid,0.67,0.78,0,0,0,1,0,0,0,1,0,1,1,1,mid,mid
Wonder/Wonder_092,mid,mid,0.67,0.78,0,0,0,1,0,0,0,1,0,1,1,1,mid,mid
Wonder/Wonder_104,mid,mid,0.62,0.69,0,0,0,1,0,0,0,1,1,1,1,1,mid,mid
Wonder/Wonder_019,mid,mid,0.62,0.69,0,0,0,1,0,0,0,1,1,1,1,1,mid,mid
Wonder/Wonder_034,mid,mid,0.67,0.78,0,0,0,1,0,0,0,1,0,1,1,1,mid,mid
Wonder/Wonder_065,mid,mid,0.62,0.69,0,0,0,1,0,0,0,1,1,1,1,1,mid,mid
Wonder/Wonder_089,high,mid,0.8,0.78,0,0,0,1,0,1,0,0,0,1,0,1,high,mid
Wonder/Wonder_095,high,high,0.8,0.88,0,0,0,1,0,0,0,0,0,1,0,0,high,high
Wonder/Wonder_144,mid,mid,0.7,0.74,0,0,0,1,0,1,0,1,0,1,1,1,mid,mid
Wonder/Wonder_080,mid,mid,0.62,0.69,0,0,0,1,0,0,0,1,1,1,1,1,mid,mid
Wonder/Wonder_141,mid,mid,0.67,0.78,0,0,0,1,0,0,0,1,0,1,1,1,mid,mid
Wonder/Wonder_108,mid,mid,0.67,0.78,0,0,0,1,0,0,0,1,0,1,1,1,mid,mid
Wonder/Wonder_100,mid,mid,0.67,0.78,0,0,0,1,0,0,0,1,0,1,1,1,mid,mid
Wonder/Wonder_132,high,high,0.8,0.88,0,0,0,1,0,0,0,0,0,1,0,0,high,high
Wonder/Wonder_059,mid,high,0.63,0.85,0,1,0,1,0,0,0,0,0,1,1,0,mid,high
Wonder/Wonder_044,mid,mid,0.66,0.67,0,0,0,1,0,1,0,1,1,1,1,1,mid,mid
Wonder/Wonder_033,mid,mid,0.67,0.78,0,0,0,1,0,0,0,1,0,1,1,1,mid,mid
Wonder/Wonder_105,mid,mid,0.67,0.78,0,0,0,1,0,0,0,1,0,1,1,1,mid,mid
Wonder/Wonder_060,mid,mid,0.66,0.67,0,0,0,1,0,1,0,1,1,1,1,1,mid,mid
Wonder/Wonder_069,mid,mid,0.67,0.78,0,0,0,1,0,0,0,1,0,1,1,1,mid,mid
Wonder/Wonder_023,mid,mid,0.67,0.78,0,0,0,1,0,0,0,1,0,1,1,1,mid,mid
Wonder/Wonder_031,mid,mid,0.67,0.78,0,0,0,1,0,0,0,1,0,1,1,1,mid,mid
Wonder/Wonder_145,high,mid,0.8,0.78,0,0,0,1,0,1,0,0,0,1,0,1,high,mid
Wonder/Wonder_142,high,high,0.8,0.88,0,0,0,1,0,0,0,0,0,1,0,0,high,high
Wonder/Wonder_131,high,mid,0.8,0.78,0,0,0,1,0,1,0,0,0,1,0,1,high,mid
Wonder/Wonder_122,high,mid,0.8,0.78,0,0,0,1,0,1,0,0,0,1,0,1,high,mid
Wonder/Wonder_073,mid,mid,0.67,0.78,0,0,0,1,0,0,0,1,0,1,1,1,mid,mid
Wonder/Wonder_015,mid,mid,0.67,0.78,0,0,0,1,0,0,0,1,0,1,1,1,mid,mid
Wonder/Wonder_067,mid,mid,0.55,0.72,0,0,0,0,0,0,0,1,0,1,1,1,mid,mid
Wonder/Wonder_103,mid,mid,0.67,0.78,0,0,0,1,0,0,0,1,0,1,1,1,mid,mid
Wonder/Wonder_072,mid,mid,0.7,0.72,0,0,0,1,0,0,0,0,1,1,1,1,high,high
Wonder/Wonder_068,mid,mid,0.7,0.72,0,0,0,1,0,0,0,0,1,1,1,1,high,high
Wonder/Wonder_094,mid,mid,0.7,0.74,0,0,0,1,0,1,0,1,0,1,1,1,mid,mid
Wonder/Wonder_136,high,high,0.8,0.88,0,0,0,1,0,0,0,0,0,1,0,0,high,high
Wonder/Wonder_032,mid,mid,0.62,0.69,0,0,0,1,0,0,0,1,1,1,1,1,mid,mid
Wonder/Wonder_110,mid,mid,0.62,0.69,0,0,0,1,0,0,0,1,1,1,1,1,mid,mid
Wonder/Wonder_056,mid,mid,0.67,0.78,0,0,0,1,0,0,0,1,0,1,1,1,mid,mid
Wonder/Wonder_098,mid,mid,0.67,0.78,0,0,0,1,0,0,0,1,0,1,1,1,mid,mid
Wonder/Wonder_097,mid,mid,0.73,0.69,0,0,0,1,0,1,0,0,1,1,1,1,high,mid
Wonder/Wonder_010,mid,mid,0.67,0.78,0,0,0,1,0,0,0,1,0,1,1,1,mid,mid
Wonder/Wonder_074,high,mid,0.8,0.78,0,0,0,1,0,1,0,0,0,1,0,1,high,mid
Wonder/Wonder_082,mid,mid,0.67,0.78,0,0,0,1,0,0,0,1,0,1,1,1,mid,mid
Wonder/Wonder_070,mid,mid,0.67,0.78,0,0,0,1,0,0,0,1,0,1,1,1,mid,mid
Wonder/Wonder_117,mid,mid,0.62,0.69,0,0,0,1,0,0,0,1,1,1,1,1,mid,mid
Wonder/Wonder_078,mid,mid,0.7,0.72,0,0,0,1,0,0,0,0,1,1,1,1,high,high
Wonder/Wonder_153,mid,mid,0.7,0.72,0,0,0,1,0,0,0,0,1,1,1,1,high,high
Wonder/Wonder_022,mid,mid,0.62,0.69,0,0,0,1,0,0,0,1,1,1,1,1,mid,mid
Wonder/Wonder_147,mid,mid,0.7,0.74,0,0,0,1,0,1,0,1,0,1,1,1,mid,mid
Wonder/Wonder_037,mid,mid,0.7,0.74,0,0,0,1,0,1,0,1,0,1,1,1,mid,mid
Wonder/Wonder_013,mid,mid,0.6,0.74,0,1,0,1,0,0,0,0,1,1,1,1,mid,high
Wonder/Wonder_016,high,high,0.8,0.88,0,0,0,1,0,0,0,0,0,1,0,0,high,high
Wonder/Wonder_043,high,mid,0.8,0.78,0,0,0,1,0,1,0,0,0,1,0,1,high,mid
Wonder/Wonder_119,mid,mid,0.62,0.69,0,0,0,1,0,0,0,1,1,1,1,1,mid,mid
Wonder/Wonder_038,mid,mid,0.67,0.78,0,0,0,1,0,0,0,1,0,1,1,1,mid,mid
Wonder/Wonder_027,high,high,0.8,0.88,0,0,0,1,0,0,0,0,0,1,0,0,high,high
Wonder/Wonder_120,mid,mid,0.7,0.74,0,0,0,1,0,1,0,1,0,1,1,1,mid,mid
Wonder/Wonder_045,high,high,0.8,0.88,0,0,0,1,0,0,0,0,0,1,0,0,high,high
Wonder/Wonder_046,high,high,0.8,0.88,0,0,0,1,0,0,0,0,0,1,0,0,high,high
Wonder/Wonder_051,high,high,0.8,0.88,0,0,0,1,0,0,0,0,0,1,0,0,high,high
Wonder/Wonder_063,high,mid,0.8,0.78,0,0,0,1,0,1,0,0,0,1,0,1,high,mid
Wonder/Wonder_066,mid,mid,0.67,0.78,0,0,0,1,0,0,0,1,0,1,1,1,mid,mid
Wonder/Wonder_118,mid,mid,0.67,0.78,0,0,0,1,0,0,0,1,0,1,1,1,mid,mid
Wonder/Wonder_090,mid,mid,0.7,0.72,0,0,0,1,0,0,0,0,1,1,1,1,high,high
Wonder/Wonder_025,mid,mid,0.7,0.74,0,0,0,1,0,1,0,1,0,1,1,1,mid,mid
Wonder/Wonder_042,mid,high,0.63,0.85,0,1,0,1,0,0,0,0,0,1,1,0,mid,high
Wonder/Wonder_053,mid,mid,0.67,0.78,0,0,0,1,0,0,0,1,0,1,1,1,mid,mid
Wonder/Wonder_121,high,mid,0.8,0.78,0,0,0,1,0,1,0,0,0,1,0,1,high,mid
Wonder/Wonder_085,mid,mid,0.67,0.78,0,0,0,1,0,0,0,1,0,1,1,1,mid,mid
Wonder/Wonder_107,mid,mid,0.67,0.78,0,0,0,1,0,0,0,1,0,1,1,1,mid,mid
Wonder/Wonder_149,high,high,0.8,0.88,0,0,0,1,0,0,0,0,0,1,0,0,high,high
Wonder/Wonder_020,high,mid,0.8,0.78,0,0,0,1,0,1,0,0,0,1,0,1,high,mid
Wonder/Wonder_106,high,high,0.8,0.88,0,0,0,1,0,0,0,0,0,1,0,0,high,high
Wonder/Wonder_086,mid,mid,0.55,0.72,0,0,0,0,0,0,0,1,0,1,1,1,mid,mid
Wonder/Wonder_054,high,high,0.8,0.88,0,0,0,1,0,0,0,0,0,1,0,0,high,high
Wonder/Wonder_018,mid,mid,0.62,0.69,0,0,0,1,0,0,0,1,1,1,1,1,mid,mid
Wonder/Wonder_028,mid,mid,0.7,0.74,0,0,0,1,0,1,0,1,0,1,1,1,mid,mid
Wonder/Wonder_128,high,mid,0.8,0.78,0,0,0,1,0,1,0,0,0,1,0,1,high,mid
Wonder/Wonder_125,mid,mid,0.67,0.78,0,0,0,1,0,0,0,1,0,1,1,1,mid,mid
Wonder/Wonder_138,mid,mid,0.62,0.69,0,0,0,1,0,0,0,1,1,1,1,1,mid,mid
Wonder/Wonder_079,mid,mid,0.67,0.78,0,0,0,1,0,0,0,1,0,1,1,1,mid,mid
Wonder/Wonder_123,mid,mid,0.67,0.78,0,0,0,1,0,0,0,1,0,1,1,1,mid,mid
Wonder/Wonder_088,mid,mid,0.67,0.78,0,0,0,1,0,0,0,1,0,1,1,1,mid,mid
Wonder/Wonder_101,mid,mid,0.62,0.69,0,0,0,1,0,0,0,1,1,1,1,1,mid,mid
Wonder/Wonder_011,mid,mid,0.62,0.69,0,0,0,1,0,0,0,1,1,1,1,1,mid,mid
Wonder/Wonder_133,mid,mid,0.67,0.78,0,0,0,1,0,0,0,1,0,1,1,1,mid,mid
Wonder/Wonder_002,mid,mid,0.53,0.62,0,0,0,0,0,0,0,1,1,1,1,1,mid,mid
Wonder/Wonder_146,mid,high,0.63,0.85,0,1,0,1,0,0,0,0,0,1,1,0,mid,high
Wonder/Wonder_057,mid,mid,0.67,0.78,0,0,0,1,0,0,0,1,0,1,1,1,mid,mid
Wonder/Wonder_004,mid,mid,0.67,0.78,0,0,0,1,0,0,0,1,0,1,1,1,mid,mid
Wonder/Wonder_152,mid,mid,0.67,0.78,0,0,0,1,0,0,0,1,0,1,1,1,mid,mid
Wonder/Wonder_113,mid,mid,0.62,0.69,0,0,0,1,0,0,0,1,1,1,1,1,mid,mid
Wonder/Wonder_150,mid,mid,0.7,0.74,0,0,0,1,0,1,0,1,0,1,1,1,mid,mid
Wonder/Wonder_087,high,high,0.8,0.88,0,0,0,1,0,0,0,0,0,1,0,0,high,high
Wonder/Wonder_102,mid,mid,0.62,0.69,0,0,0,1,0,0,0,1,1,1,1,1,mid,mid
Wonder/Wonder_099,mid,mid,0.62,0.69,0,0,0,1,0,0,0,1,1,1,1,1,mid,mid
Wonder/Wonder_036,high,high,0.8,0.88,0,0,0,1,0,0,0,0,0,1,0,0,high,high
Wonder/Wonder_048,mid,mid,0.67,0.78,0,0,0,1,0,0,0,1,0,1,1,1,mid,mid
Wonder/Wonder_001,mid,mid,0.62,0.69,0,0,0,1,0,0,0,1,1,1,1,1,mid,mid
Wonder/Wonder_124,mid,mid,0.67,0.68,0,0,0,1,0,1,1,1,1,1,1,1,mid,mid
Wonder/Wonder_151,mid,mid,0.62,0.69,0,0,0,1,0,0,0,1,1,1,1,1,mid,mid
Wonder/Wonder_075,high,high,0.8,0.88,0,0,0,1,0,0,0,0,0,1,0,0,high,high
Wonder/Wonder_012,mid,mid,0.7,0.72,0,0,0,1,0,0,0,0,1,1,1,1,high,high
Wonder/Wonder_064,mid,mid,0.62,0.69,0,0,0,1,0,0,0,1,1,1,1,1,mid,mid
Wonder/Wonder_003,mid,mid,0.62,0.69,0,0,0,1,0,0,0,1,1,1,1,1,mid,mid
Wonder/Wonder_139,mid,mid,0.67,0.78,0,0,0,1,0,0,0,1,0,1,1,1,mid,mid
Wonder/Wonder_058,mid,high,0.63,0.85,0,1,0,1,0,0,0,0,0,1,1,0,mid,high
Wonder/Wonder_083,mid,mid,0.67,0.78,0,0,0,1,0,0,0,1,0,1,1,1,mid,mid
Wonder/Wonder_030,mid,mid,0.7,0.74,0,0,0,1,0,1,0,1,0,1,1,1,mid,mid
