movie_clip,valence,arousal,Fantasy,Romance,Drama,Comedy,Sport,Family,Sci-Fi,Biography,Crime
AboutTime_000,3.875,1.5,1,1,1,1,0,0,1,0,0
AboutTime_001,4.375,2.0,1,1,1,1,0,0,1,0,0
AboutTime_002,4.125,2.5,1,1,1,1,0,0,1,0,0
AboutTime_003,3.375,2.0,1,1,1,1,0,0,1,0,0
AboutTime_004,3.625,4.0,1,1,1,1,0,0,1,0,0
AboutTime_005,3.375,4.5,1,1,1,1,0,0,1,0,0
AboutTime_006,3.75,3.25,1,1,1,1,0,0,1,0,0
AboutTime_007,2.75,3.75,1,1,1,1,0,0,1,0,0
AboutTime_008,3.0,4.0,1,1,1,1,0,0,1,0,0
AboutTime_009,2.75,4.25,1,1,1,1,0,0,1,0,0
AboutTime_010,4.0,4.25,1,1,1,1,0,0,1,0,0
AboutTime_011,4.5,4.5,1,1,1,1,0,0,1,0,0
AboutTime_012,3.625,3.75,1,1,1,1,0,0,1,0,0
AboutTime_013,3.125,2.5,1,1,1,1,0,0,1,0,0
AboutTime_014,4.125,4.25,1,1,1,1,0,0,1,0,0
AboutTime_015,2.625,4.5,1,1,1,1,0,0,1,0,0
AboutTime_016,4.0,2.25,1,1,1,1,0,0,1,0,0
AboutTime_017,4.125,2.75,1,1,1,1,0,0,1,0,0
AboutTime_018,3.25,3.0,1,1,1,1,0,0,1,0,0
AboutTime_019,4.125,2.25,1,1,1,1,0,0,1,0,0
AboutTime_020,3.0,3.25,1,1,1,1,0,0,1,0,0
AboutTime_021,2.0,3.25,1,1,1,1,0,0,1,0,0
AboutTime_022,4.375,4.0,1,1,1,1,0,0,1,0,0
AboutTime_023,2.75,3.25,1,1,1,1,0,0,1,0,0
AboutTime_024,2.0,1.5,1,1,1,1,0,0,1,0,0
AboutTime_025,3.25,2.0,1,1,1,1,0,0,1,0,0
AboutTime_026,4.0,3.25,1,1,1,1,0,0,1,0,0
AboutTime_027,4.5,3.75,1,1,1,1,0,0,1,0,0
AboutTime_028,4.625,3.75,1,1,1,1,0,0,1,0,0
AboutTime_029,4.375,2.5,1,1,1,1,0,0,1,0,0
AboutTime_030,3.0,2.75,1,1,1,1,0,0,1,0,0
AboutTime_031,4.0,4.5,1,1,1,1,0,0,1,0,0
AboutTime_032,4.25,4.25,1,1,1,1,0,0,1,0,0
AboutTime_033,3.0,4.5,1,1,1,1,0,0,1,0,0
AboutTime_034,2.25,3.5,1,1,1,1,0,0,1,0,0
AboutTime_035,2.0,4.0,1,1,1,1,0,0,1,0,0
AboutTime_036,3.25,3.5,1,1,1,1,0,0,1,0,0
AboutTime_037,3.75,3.75,1,1,1,1,0,0,1,0,0
AboutTime_038,1.5,4.25,1,1,1,1,0,0,1,0,0
AboutTime_039,3.25,3.25,1,1,1,1,0,0,1,0,0
AboutTime_040,4.25,4.0,1,1,1,1,0,0,1,0,0
AboutTime_041,3.375,2.75,1,1,1,1,0,0,1,0,0
AboutTime_042,4.375,4.25,1,1,1,1,0,0,1,0,0
AboutTime_043,4.125,2.5,1,1,1,1,0,0,1,0,0
AboutTime_044,4.375,2.5,1,1,1,1,0,0,1,0,0
AboutTime_045,3.5,2.25,1,1,1,1,0,0,1,0,0
AboutTime_046,4.375,4.5,1,1,1,1,0,0,1,0,0
AboutTime_047,3.75,4.0,1,1,1,1,0,0,1,0,0
AboutTime_048,4.125,4.25,1,1,1,1,0,0,1,0,0
AboutTime_049,3.875,2.5,1,1,1,1,0,0,1,0,0
AboutTime_050,3.875,3.0,1,1,1,1,0,0,1,0,0
AboutTime_051,4.125,2.75,1,1,1,1,0,0,1,0,0
AboutTime_052,3.875,4.25,1,1,1,1,0,0,1,0,0
AboutTime_053,4.25,3.0,1,1,1,1,0,0,1,0,0
AboutTime_054,3.75,3.0,1,1,1,1,0,0,1,0,0
AboutTime_055,4.375,2.75,1,1,1,1,0,0,1,0,0
AboutTime_056,4.375,1.75,1,1,1,1,0,0,1,0,0
AboutTime_057,3.0,5.0,1,1,1,1,0,0,1,0,0
AboutTime_058,2.875,2.25,1,1,1,1,0,0,1,0,0
AboutTime_059,3.0,3.25,1,1,1,1,0,0,1,0,0
AboutTime_060,3.25,2.75,1,1,1,1,0,0,1,0,0
AboutTime_061,4.5,3.0,1,1,1,1,0,0,1,0,0
AboutTime_062,4.375,3.0,1,1,1,1,0,0,1,0,0
AboutTime_063,4.375,2.5,1,1,1,1,0,0,1,0,0
AboutTime_064,4.5,2.25,1,1,1,1,0,0,1,0,0
AboutTime_065,4.375,3.5,1,1,1,1,0,0,1,0,0
AboutTime_066,4.625,4.0,1,1,1,1,0,0,1,0,0
AboutTime_067,2.5,3.0,1,1,1,1,0,0,1,0,0
AboutTime_068,4.75,4.75,1,1,1,1,0,0,1,0,0
AboutTime_069,4.75,4.75,1,1,1,1,0,0,1,0,0
AboutTime_070,2.25,4.0,1,1,1,1,0,0,1,0,0
AboutTime_071,4.625,4.5,1,1,1,1,0,0,1,0,0
AboutTime_072,5.0,3.5,1,1,1,1,0,0,1,0,0
AboutTime_073,4.375,4.5,1,1,1,1,0,0,1,0,0
AboutTime_074,3.875,2.75,1,1,1,1,0,0,1,0,0
AboutTime_075,4.75,1.5,1,1,1,1,0,0,1,0,0
AboutTime_076,2.125,2.25,1,1,1,1,0,0,1,0,0
AboutTime_077,3.875,1.5,1,1,1,1,0,0,1,0,0
AboutTime_078,4.625,2.5,1,1,1,1,0,0,1,0,0
AboutTime_079,4.125,3.0,1,1,1,1,0,0,1,0,0
AboutTime_080,4.5,2.5,1,1,1,1,0,0,1,0,0
AboutTime_081,3.625,2.75,1,1,1,1,0,0,1,0,0
AboutTime_082,1.125,3.0,1,1,1,1,0,0,1,0,0
AboutTime_083,3.375,2.75,1,1,1,1,0,0,1,0,0
AboutTime_084,2.125,2.5,1,1,1,1,0,0,1,0,0
AboutTime_085,1.875,2.0,1,1,1,1,0,0,1,0,0
AboutTime_086,1.125,2.0,1,1,1,1,0,0,1,0,0
AboutTime_087,2.375,2.25,1,1,1,1,0,0,1,0,0
AboutTime_088,2.875,3.5,1,1,1,1,0,0,1,0,0
AboutTime_089,3.0,4.25,1,1,1,1,0,0,1,0,0
AboutTime_090,3.125,3.5,1,1,1,1,0,0,1,0,0
AboutTime_091,1.75,5.0,1,1,1,1,0,0,1,0,0
AboutTime_092,2.625,3.75,1,1,1,1,0,0,1,0,0
AboutTime_093,3.625,3.5,1,1,1,1,0,0,1,0,0
AboutTime_094,3.25,2.0,1,1,1,1,0,0,1,0,0
AboutTime_095,4.5,2.0,1,1,1,1,0,0,1,0,0
AboutTime_096,4.25,3.0,1,1,1,1,0,0,1,0,0
AboutTime_097,2.25,3.25,1,1,1,1,0,0,1,0,0
AboutTime_098,1.375,2.25,1,1,1,1,0,0,1,0,0
AboutTime_099,2.875,2.0,1,1,1,1,0,0,1,0,0
AboutTime_100,4.0,2.5,1,1,1,1,0,0,1,0,0
AboutTime_101,4.375,3.0,1,1,1,1,0,0,1,0,0
AboutTime_102,4.5,2.75,1,1,1,1,0,0,1,0,0
AboutTime_103,4.75,3.25,1,1,1,1,0,0,1,0,0
AboutTime_104,4.0,3.0,1,1,1,1,0,0,1,0,0
AboutTime_105,3.0,3.5,1,1,1,1,0,0,1,0,0
AboutTime_106,2.875,3.25,1,1,1,1,0,0,1,0,0
AboutTime_107,1.875,4.5,1,1,1,1,0,0,1,0,0
AboutTime_108,1.75,2.75,1,1,1,1,0,0,1,0,0
AboutTime_109,1.375,2.25,1,1,1,1,0,0,1,0,0
AboutTime_110,2.0,2.25,1,1,1,1,0,0,1,0,0
AboutTime_111,1.375,2.25,1,1,1,1,0,0,1,0,0
AboutTime_112,2.375,1.75,1,1,1,1,0,0,1,0,0
AboutTime_113,1.75,2.25,1,1,1,1,0,0,1,0,0
AboutTime_114,3.125,3.0,1,1,1,1,0,0,1,0,0
AboutTime_115,3.5,2.0,1,1,1,1,0,0,1,0,0
AboutTime_116,3.625,2.5,1,1,1,1,0,0,1,0,0
AboutTime_117,1.625,2.0,1,1,1,1,0,0,1,0,0
AboutTime_118,3.125,1.5,1,1,1,1,0,0,1,0,0
AboutTime_119,3.75,1.25,1,1,1,1,0,0,1,0,0
AboutTime_120,2.125,1.5,1,1,1,1,0,0,1,0,0
AboutTime_121,3.5,3.5,1,1,1,1,0,0,1,0,0
AboutTime_122,3.875,3.0,1,1,1,1,0,0,1,0,0
AboutTime_123,3.5,2.75,1,1,1,1,0,0,1,0,0
AboutTime_124,3.875,2.5,1,1,1,1,0,0,1,0,0
AboutTime_125,3.625,2.75,1,1,1,1,0,0,1,0,0
AboutTime_126,3.0,3.25,1,1,1,1,0,0,1,0,0
AboutTime_127,1.75,2.25,1,1,1,1,0,0,1,0,0
AboutTime_128,3.25,2.25,1,1,1,1,0,0,1,0,0
AboutTime_129,5.0,2.5,1,1,1,1,0,0,1,0,0
AboutTime_130,4.0,1.5,1,1,1,1,0,0,1,0,0
AboutTime_131,4.0,1.5,1,1,1,1,0,0,1,0,0
AboutTime_132,3.875,1.75,1,1,1,1,0,0,1,0,0
AboutTime_133,4.5,1.75,1,1,1,1,0,0,1,0,0
AboutTime_134,4.625,2.0,1,1,1,1,0,0,1,0,0
AboutTime_135,4.625,1.5,1,1,1,1,0,0,1,0,0
AboutTime_136,4.875,1.75,1,1,1,1,0,0,1,0,0
MeBeforeYou_000,4.375,2.25,0,1,1,0,0,0,0,0,0
MeBeforeYou_001,4.0,3.25,0,1,1,0,0,0,0,0,0
MeBeforeYou_002,2.0,3.5,0,1,1,0,0,0,0,0,0
MeBeforeYou_003,2.5,2.5,0,1,1,0,0,0,0,0,0
MeBeforeYou_004,1.75,2.5,0,1,1,0,0,0,0,0,0
MeBeforeYou_005,3.125,2.5,0,1,1,0,0,0,0,0,0
MeBeforeYou_006,2.125,2.5,0,1,1,0,0,0,0,0,0
MeBeforeYou_007,1.75,2.5,0,1,1,0,0,0,0,0,0
MeBeforeYou_008,2.75,2.5,0,1,1,0,0,0,0,0,0
MeBeforeYou_009,2.375,3.25,0,1,1,0,0,0,0,0,0
MeBeforeYou_010,3.5,3.0,0,1,1,0,0,0,0,0,0
MeBeforeYou_011,3.5,3.5,0,1,1,0,0,0,0,0,0
MeBeforeYou_012,3.25,3.5,0,1,1,0,0,0,0,0,0
MeBeforeYou_013,1.25,3.5,0,1,1,0,0,0,0,0,0
MeBeforeYou_014,1.375,4.25,0,1,1,0,0,0,0,0,0
MeBeforeYou_015,3.125,2.75,0,1,1,0,0,0,0,0,0
MeBeforeYou_016,3.375,2.75,0,1,1,0,0,0,0,0,0
MeBeforeYou_017,4.25,4.0,0,1,1,0,0,0,0,0,0
MeBeforeYou_018,4.125,3.0,0,1,1,0,0,0,0,0,0
MeBeforeYou_019,3.625,2.25,0,1,1,0,0,0,0,0,0
MeBeforeYou_020,3.375,2.75,0,1,1,0,0,0,0,0,0
MeBeforeYou_021,2.875,2.5,0,1,1,0,0,0,0,0,0
MeBeforeYou_022,1.5,3.5,0,1,1,0,0,0,0,0,0
MeBeforeYou_023,3.125,2.5,0,1,1,0,0,0,0,0,0
MeBeforeYou_024,4.0,2.75,0,1,1,0,0,0,0,0,0
MeBeforeYou_025,2.0,2.75,0,1,1,0,0,0,0,0,0
MeBeforeYou_026,4.25,3.0,0,1,1,0,0,0,0,0,0
MeBeforeYou_027,4.875,2.5,0,1,1,0,0,0,0,0,0
MeBeforeYou_028,4.125,3.0,0,1,1,0,0,0,0,0,0
MeBeforeYou_029,4.0,1.0,0,1,1,0,0,0,0,0,0
MeBeforeYou_030,4.125,3.0,0,1,1,0,0,0,0,0,0
MeBeforeYou_031,2.875,4.0,0,1,1,0,0,0,0,0,0
MeBeforeYou_032,3.25,3.0,0,1,1,0,0,0,0,0,0
MeBeforeYou_033,3.75,2.5,0,1,1,0,0,0,0,0,0
MeBeforeYou_034,4.625,1.5,0,1,1,0,0,0,0,0,0
MeBeforeYou_035,3.875,3.0,0,1,1,0,0,0,0,0,0
MeBeforeYou_036,3.0,3.0,0,1,1,0,0,0,0,0,0
MeBeforeYou_037,2.625,2.75,0,1,1,0,0,0,0,0,0
MeBeforeYou_038,4.25,3.0,0,1,1,0,0,0,0,0,0
MeBeforeYou_039,4.5,2.5,0,1,1,0,0,0,0,0,0
MeBeforeYou_040,3.25,2.5,0,1,1,0,0,0,0,0,0
MeBeforeYou_041,3.25,3.0,0,1,1,0,0,0,0,0,0
MeBeforeYou_042,4.125,2.0,0,1,1,0,0,0,0,0,0
MeBeforeYou_043,3.75,2.25,0,1,1,0,0,0,0,0,0
MeBeforeYou_044,3.625,1.75,0,1,1,0,0,0,0,0,0
MeBeforeYou_045,3.125,3.0,0,1,1,0,0,0,0,0,0
MeBeforeYou_046,4.375,2.5,0,1,1,0,0,0,0,0,0
MeBeforeYou_047,3.0,3.75,0,1,1,0,0,0,0,0,0
MeBeforeYou_048,3.375,3.5,0,1,1,0,0,0,0,0,0
MeBeforeYou_049,4.75,4.75,0,1,1,0,0,0,0,0,0
MeBeforeYou_050,4.875,4.75,0,1,1,0,0,0,0,0,0
MeBeforeYou_051,3.375,2.5,0,1,1,0,0,0,0,0,0
MeBeforeYou_052,3.875,2.75,0,1,1,0,0,0,0,0,0
MeBeforeYou_053,3.0,4.25,0,1,1,0,0,0,0,0,0
MeBeforeYou_054,3.875,3.25,0,1,1,0,0,0,0,0,0
MeBeforeYou_055,3.0,2.25,0,1,1,0,0,0,0,0,0
MeBeforeYou_056,1.5,1.5,0,1,1,0,0,0,0,0,0
MeBeforeYou_057,4.0,2.75,0,1,1,0,0,0,0,0,0
MeBeforeYou_058,3.5,2.5,0,1,1,0,0,0,0,0,0
MeBeforeYou_059,4.25,2.5,0,1,1,0,0,0,0,0,0
MeBeforeYou_060,4.625,4.0,0,1,1,0,0,0,0,0,0
MeBeforeYou_061,4.75,4.75,0,1,1,0,0,0,0,0,0
MeBeforeYou_062,4.625,4.25,0,1,1,0,0,0,0,0,0
MeBeforeYou_063,4.75,4.5,0,1,1,0,0,0,0,0,0
MeBeforeYou_064,2.125,4.0,0,1,1,0,0,0,0,0,0
MeBeforeYou_065,1.375,4.5,0,1,1,0,0,0,0,0,0
MeBeforeYou_066,1.875,1.5,0,1,1,0,0,0,0,0,0
MeBeforeYou_067,3.125,3.0,0,1,1,0,0,0,0,0,0
MeBeforeYou_068,1.375,4.5,0,1,1,0,0,0,0,0,0
MeBeforeYou_069,1.25,3.25,0,1,1,0,0,0,0,0,0
MeBeforeYou_070,4.25,2.25,0,1,1,0,0,0,0,0,0
MeBeforeYou_071,3.125,2.75,0,1,1,0,0,0,0,0,0
MeBeforeYou_072,3.625,2.0,0,1,1,0,0,0,0,0,0
MeBeforeYou_073,4.0,2.5,0,1,1,0,0,0,0,0,0
MeBeforeYou_074,4.375,3.25,0,1,1,0,0,0,0,0,0
MeBeforeYou_075,1.75,3.0,0,1,1,0,0,0,0,0,0
MeBeforeYou_076,1.625,3.5,0,1,1,0,0,0,0,0,0
MeBeforeYou_077,1.25,3.75,0,1,1,0,0,0,0,0,0
MeBeforeYou_078,1.125,4.25,0,1,1,0,0,0,0,0,0
MeBeforeYou_079,1.0,4.5,0,1,1,0,0,0,0,0,0
MeBeforeYou_080,2.25,1.25,0,1,1,0,0,0,0,0,0
MeBeforeYou_081,3.375,2.5,0,1,1,0,0,0,0,0,0
MeBeforeYou_082,3.5,1.5,0,1,1,0,0,0,0,0,0
MeBeforeYou_083,3.375,2.0,0,1,1,0,0,0,0,0,0
MeBeforeYou_084,2.75,1.75,0,1,1,0,0,0,0,0,0
MeBeforeYou_085,3.625,2.0,0,1,1,0,0,0,0,0,0
MeBeforeYou_086,3.75,2.0,0,1,1,0,0,0,0,0,0
MeBeforeYou_087,1.625,2.0,0,1,1,0,0,0,0,0,0
TheTheoryOfEverything_000,3.875,3.25,0,1,1,0,0,0,0,1,0
TheTheoryOfEverything_001,3.625,2.75,0,1,1,0,0,0,0,1,0
TheTheoryOfEverything_002,3.25,2.5,0,1,1,0,0,0,0,1,0
TheTheoryOfEverything_003,4.125,3.0,0,1,1,0,0,0,0,1,0
TheTheoryOfEverything_004,2.375,3.0,0,1,1,0,0,0,0,1,0
TheTheoryOfEverything_005,4.125,2.5,0,1,1,0,0,0,0,1,0
TheTheoryOfEverything_006,4.5,2.75,0,1,1,0,0,0,0,1,0
TheTheoryOfEverything_007,3.75,2.0,0,1,1,0,0,0,0,1,0
TheTheoryOfEverything_008,3.125,2.75,0,1,1,0,0,0,0,1,0
TheTheoryOfEverything_009,4.0,2.75,0,1,1,0,0,0,0,1,0
TheTheoryOfEverything_010,3.625,2.5,0,1,1,0,0,0,0,1,0
TheTheoryOfEverything_011,4.75,3.0,0,1,1,0,0,0,0,1,0
TheTheoryOfEverything_012,4.375,2.5,0,1,1,0,0,0,0,1,0
TheTheoryOfEverything_013,4.875,3.0,0,1,1,0,0,0,0,1,0
TheTheoryOfEverything_014,4.375,1.25,0,1,1,0,0,0,0,1,0
TheTheoryOfEverything_015,4.75,1.75,0,1,1,0,0,0,0,1,0
TheTheoryOfEverything_016,4.5,4.5,0,1,1,0,0,0,0,1,0
TheTheoryOfEverything_017,2.0,2.0,0,1,1,0,0,0,0,1,0
TheTheoryOfEverything_018,1.375,2.5,0,1,1,0,0,0,0,1,0
TheTheoryOfEverything_019,1.875,3.25,0,1,1,0,0,0,0,1,0
TheTheoryOfEverything_020,1.375,3.25,0,1,1,0,0,0,0,1,0
TheTheoryOfEverything_021,1.125,4.75,0,1,1,0,0,0,0,1,0
TheTheoryOfEverything_022,1.625,4.75,0,1,1,0,0,0,0,1,0
TheTheoryOfEverything_023,3.75,2.25,0,1,1,0,0,0,0,1,0
TheTheoryOfEverything_024,4.875,2.5,0,1,1,0,0,0,0,1,0
TheTheoryOfEverything_025,4.875,2.0,0,1,1,0,0,0,0,1,0
TheTheoryOfEverything_026,4.0,2.5,0,1,1,0,0,0,0,1,0
TheTheoryOfEverything_027,2.75,1.75,0,1,1,0,0,0,0,1,0
TheTheoryOfEverything_028,2.25,1.75,0,1,1,0,0,0,0,1,0
TheTheoryOfEverything_029,3.875,2.5,0,1,1,0,0,0,0,1,0
TheTheoryOfEverything_030,3.875,2.25,0,1,1,0,0,0,0,1,0
TheTheoryOfEverything_031,3.125,3.5,0,1,1,0,0,0,0,1,0
TheTheoryOfEverything_032,1.625,4.25,0,1,1,0,0,0,0,1,0
TheTheoryOfEverything_033,2.5,2.25,0,1,1,0,0,0,0,1,0
TheTheoryOfEverything_034,3.625,2.75,0,1,1,0,0,0,0,1,0
TheTheoryOfEverything_035,2.75,1.75,0,1,1,0,0,0,0,1,0
TheTheoryOfEverything_036,2.625,3.0,0,1,1,0,0,0,0,1,0
TheTheoryOfEverything_037,2.125,4.0,0,1,1,0,0,0,0,1,0
TheTheoryOfEverything_038,2.25,3.25,0,1,1,0,0,0,0,1,0
TheTheoryOfEverything_039,1.875,2.75,0,1,1,0,0,0,0,1,0
TheTheoryOfEverything_040,3.375,2.75,0,1,1,0,0,0,0,1,0
TheTheoryOfEverything_041,2.25,2.75,0,1,1,0,0,0,0,1,0
TheTheoryOfEverything_042,2.75,2.25,0,1,1,0,0,0,0,1,0
TheTheoryOfEverything_043,1.375,4.0,0,1,1,0,0,0,0,1,0
TheTheoryOfEverything_044,1.5,3.25,0,1,1,0,0,0,0,1,0
TheTheoryOfEverything_045,3.625,2.75,0,1,1,0,0,0,0,1,0
TheTheoryOfEverything_046,4.25,3.25,0,1,1,0,0,0,0,1,0
TheTheoryOfEverything_047,4.25,2.75,0,1,1,0,0,0,0,1,0
TheTheoryOfEverything_048,2.375,2.5,0,1,1,0,0,0,0,1,0
TheTheoryOfEverything_049,1.75,3.0,0,1,1,0,0,0,0,1,0
TheTheoryOfEverything_050,3.0,2.5,0,1,1,0,0,0,0,1,0
TheTheoryOfEverything_051,1.75,2.75,0,1,1,0,0,0,0,1,0
TheTheoryOfEverything_052,2.625,2.5,0,1,1,0,0,0,0,1,0
TheTheoryOfEverything_053,4.0,4.0,0,1,1,0,0,0,0,1,0
TheTheoryOfEverything_054,3.875,3.0,0,1,1,0,0,0,0,1,0
TheTheoryOfEverything_055,4.125,3.0,0,1,1,0,0,0,0,1,0
TheTheoryOfEverything_056,4.0,2.5,0,1,1,0,0,0,0,1,0
TheTheoryOfEverything_057,3.625,2.5,0,1,1,0,0,0,0,1,0
TheTheoryOfEverything_058,4.625,2.75,0,1,1,0,0,0,0,1,0
TheFaultInOurStars_000,3.75,2.75,0,1,1,0,0,0,0,0,0
TheFaultInOurStars_001,4.375,2.75,0,1,1,0,0,0,0,0,0
TheFaultInOurStars_002,4.375,2.5,0,1,1,0,0,0,0,0,0
TheFaultInOurStars_003,4.0,3.25,0,1,1,0,0,0,0,0,0
TheFaultInOurStars_004,3.375,2.0,0,1,1,0,0,0,0,0,0
TheFaultInOurStars_005,3.875,3.75,0,1,1,0,0,0,0,0,0
TheFaultInOurStars_006,1.75,4.5,0,1,1,0,0,0,0,0,0
TheFaultInOurStars_007,3.75,3.0,0,1,1,0,0,0,0,0,0
TheFaultInOurStars_008,3.75,3.25,0,1,1,0,0,0,0,0,0
TheFaultInOurStars_009,4.0,2.75,0,1,1,0,0,0,0,0,0
TheFaultInOurStars_010,3.625,2.5,0,1,1,0,0,0,0,0,0
TheFaultInOurStars_011,3.875,3.0,0,1,1,0,0,0,0,0,0
TheFaultInOurStars_012,4.375,3.0,0,1,1,0,0,0,0,0,0
TheFaultInOurStars_013,4.5,3.0,0,1,1,0,0,0,0,0,0
TheFaultInOurStars_014,3.25,2.25,0,1,1,0,0,0,0,0,0
TheFaultInOurStars_015,3.625,3.75,0,1,1,0,0,0,0,0,0
TheFaultInOurStars_016,3.25,4.0,0,1,1,0,0,0,0,0,0
TheFaultInOurStars_017,3.875,2.75,0,1,1,0,0,0,0,0,0
TheFaultInOurStars_018,4.5,4.75,0,1,1,0,0,0,0,0,0
TheFaultInOurStars_019,4.25,5.0,0,1,1,0,0,0,0,0,0
TheFaultInOurStars_020,4.375,2.75,0,1,1,0,0,0,0,0,0
TheFaultInOurStars_021,4.25,2.25,0,1,1,0,0,0,0,0,0
TheFaultInOurStars_022,4.375,1.5,0,1,1,0,0,0,0,0,0
TheFaultInOurStars_023,4.625,1.75,0,1,1,0,0,0,0,0,0
TheFaultInOurStars_024,4.25,3.25,0,1,1,0,0,0,0,0,0
TheFaultInOurStars_025,4.0,3.0,0,1,1,0,0,0,0,0,0
TheFaultInOurStars_026,4.125,2.5,0,1,1,0,0,0,0,0,0
TheFaultInOurStars_027,4.0,2.25,0,1,1,0,0,0,0,0,0
TheFaultInOurStars_028,3.75,2.25,0,1,1,0,0,0,0,0,0
TheFaultInOurStars_029,4.25,3.0,0,1,1,0,0,0,0,0,0
TheFaultInOurStars_030,4.75,4.75,0,1,1,0,0,0,0,0,0
TheFaultInOurStars_031,3.375,2.25,0,1,1,0,0,0,0,0,0
TheFaultInOurStars_032,2.625,3.75,0,1,1,0,0,0,0,0,0
TheFaultInOurStars_033,3.375,2.5,0,1,1,0,0,0,0,0,0
TheFaultInOurStars_034,4.375,2.25,0,1,1,0,0,0,0,0,0
TheFaultInOurStars_035,4.375,3.25,0,1,1,0,0,0,0,0,0
TheFaultInOurStars_036,4.5,4.25,0,1,1,0,0,0,0,0,0
TheFaultInOurStars_037,3.625,3.25,0,1,1,0,0,0,0,0,0
TheFaultInOurStars_038,3.625,2.5,0,1,1,0,0,0,0,0,0
TheFaultInOurStars_039,4.625,4.25,0,1,1,0,0,0,0,0,0
TheFaultInOurStars_040,4.5,3.0,0,1,1,0,0,0,0,0,0
TheFaultInOurStars_041,4.5,1.5,0,1,1,0,0,0,0,0,0
TheFaultInOurStars_042,3.625,2.0,0,1,1,0,0,0,0,0,0
TheFaultInOurStars_043,4.125,2.25,0,1,1,0,0,0,0,0,0
TheFaultInOurStars_044,3.75,2.0,0,1,1,0,0,0,0,0,0
TheFaultInOurStars_045,2.875,2.0,0,1,1,0,0,0,0,0,0
TheFaultInOurStars_046,4.125,2.25,0,1,1,0,0,0,0,0,0
TheFaultInOurStars_047,3.625,2.25,0,1,1,0,0,0,0,0,0
TheFaultInOurStars_048,4.75,3.0,0,1,1,0,0,0,0,0,0
TheFaultInOurStars_049,4.5,2.25,0,1,1,0,0,0,0,0,0
TheFaultInOurStars_050,4.5,1.75,0,1,1,0,0,0,0,0,0
TheFaultInOurStars_051,4.25,4.0,0,1,1,0,0,0,0,0,0
TheFaultInOurStars_052,2.5,3.75,0,1,1,0,0,0,0,0,0
TheFaultInOurStars_053,4.875,3.25,0,1,1,0,0,0,0,0,0
TheFaultInOurStars_054,4.875,2.75,0,1,1,0,0,0,0,0,0
TheFaultInOurStars_055,3.5,1.75,0,1,1,0,0,0,0,0,0
TheFaultInOurStars_056,4.375,3.0,0,1,1,0,0,0,0,0,0
TheFaultInOurStars_057,4.625,2.75,0,1,1,0,0,0,0,0,0
TheFaultInOurStars_058,4.0,1.25,0,1,1,0,0,0,0,0,0
TheFaultInOurStars_059,3.25,2.0,0,1,1,0,0,0,0,0,0
TheFaultInOurStars_060,1.0,2.5,0,1,1,0,0,0,0,0,0
TheFaultInOurStars_061,1.25,3.5,0,1,1,0,0,0,0,0,0
TheFaultInOurStars_062,2.25,2.0,0,1,1,0,0,0,0,0,0
TheFaultInOurStars_063,3.0,2.0,0,1,1,0,0,0,0,0,0
TheFaultInOurStars_064,3.625,2.5,0,1,1,0,0,0,0,0,0
TheFaultInOurStars_065,2.5,1.25,0,1,1,0,0,0,0,0,0
TheFaultInOurStars_066,4.0,2.25,0,1,1,0,0,0,0,0,0
TheFaultInOurStars_067,3.75,1.75,0,1,1,0,0,0,0,0,0
TheFaultInOurStars_068,4.0,1.75,0,1,1,0,0,0,0,0,0
TheFaultInOurStars_069,2.375,1.75,0,1,1,0,0,0,0,0,0
TheFaultInOurStars_070,1.875,2.0,0,1,1,0,0,0,0,0,0
TheFaultInOurStars_071,2.25,4.75,0,1,1,0,0,0,0,0,0
TheFaultInOurStars_072,3.75,1.75,0,1,1,0,0,0,0,0,0
TheFaultInOurStars_073,3.5,2.5,0,1,1,0,0,0,0,0,0
TheFaultInOurStars_074,2.375,2.25,0,1,1,0,0,0,0,0,0
TheFaultInOurStars_075,3.75,1.75,0,1,1,0,0,0,0,0,0
TheFaultInOurStars_076,3.625,3.25,0,1,1,0,0,0,0,0,0
TheFaultInOurStars_077,3.625,2.75,0,1,1,0,0,0,0,0,0
TheSpectacularNow_000,4.125,3.0,0,1,1,1,0,0,0,0,0
TheSpectacularNow_001,4.125,3.75,0,1,1,1,0,0,0,0,0
TheSpectacularNow_002,1.875,4.25,0,1,1,1,0,0,0,0,0
TheSpectacularNow_003,3.875,3.0,0,1,1,1,0,0,0,0,0
TheSpectacularNow_004,2.125,2.75,0,1,1,1,0,0,0,0,0
TheSpectacularNow_005,1.875,3.0,0,1,1,1,0,0,0,0,0
TheSpectacularNow_006,3.125,2.75,0,1,1,1,0,0,0,0,0
TheSpectacularNow_007,3.0,2.5,0,1,1,1,0,0,0,0,0
TheSpectacularNow_008,3.625,2.25,0,1,1,1,0,0,0,0,0
TheSpectacularNow_009,3.125,2.25,0,1,1,1,0,0,0,0,0
TheSpectacularNow_010,3.75,2.75,0,1,1,1,0,0,0,0,0
TheSpectacularNow_011,4.625,3.5,0,1,1,1,0,0,0,0,0
TheSpectacularNow_012,2.5,3.0,0,1,1,1,0,0,0,0,0
TheSpectacularNow_013,3.875,2.75,0,1,1,1,0,0,0,0,0
TheSpectacularNow_014,4.125,3.25,0,1,1,1,0,0,0,0,0
TheSpectacularNow_015,3.0,2.5,0,1,1,1,0,0,0,0,0
TheSpectacularNow_016,4.25,2.75,0,1,1,1,0,0,0,0,0
TheSpectacularNow_017,3.75,2.5,0,1,1,1,0,0,0,0,0
TheSpectacularNow_018,3.625,2.25,0,1,1,1,0,0,0,0,0
TheSpectacularNow_019,3.375,2.5,0,1,1,1,0,0,0,0,0
TheSpectacularNow_020,4.5,3.5,0,1,1,1,0,0,0,0,0
TheSpectacularNow_021,3.5,2.75,0,1,1,1,0,0,0,0,0
TheSpectacularNow_022,2.875,2.5,0,1,1,1,0,0,0,0,0
TheSpectacularNow_023,2.125,2.5,0,1,1,1,0,0,0,0,0
TheSpectacularNow_024,4.125,3.0,0,1,1,1,0,0,0,0,0
TheSpectacularNow_025,3.625,2.5,0,1,1,1,0,0,0,0,0
TheSpectacularNow_026,3.75,3.25,0,1,1,1,0,0,0,0,0
TheSpectacularNow_027,3.75,3.0,0,1,1,1,0,0,0,0,0
TheSpectacularNow_028,2.75,2.75,0,1,1,1,0,0,0,0,0
TheSpectacularNow_029,3.25,4.0,0,1,1,1,0,0,0,0,0
TheSpectacularNow_030,4.375,4.25,0,1,1,1,0,0,0,0,0
TheSpectacularNow_031,4.5,4.75,0,1,1,1,0,0,0,0,0
TheSpectacularNow_032,2.75,2.5,0,1,1,1,0,0,0,0,0
TheSpectacularNow_033,3.375,2.25,0,1,1,1,0,0,0,0,0
TheSpectacularNow_034,1.625,4.5,0,1,1,1,0,0,0,0,0
TheSpectacularNow_035,1.25,4.25,0,1,1,1,0,0,0,0,0
TheSpectacularNow_036,2.75,2.5,0,1,1,1,0,0,0,0,0
TheSpectacularNow_037,4.0,3.5,0,1,1,1,0,0,0,0,0
TheSpectacularNow_038,4.0,3.0,0,1,1,1,0,0,0,0,0
TheSpectacularNow_039,4.25,2.25,0,1,1,1,0,0,0,0,0
TheSpectacularNow_040,4.25,3.5,0,1,1,1,0,0,0,0,0
TheSpectacularNow_041,4.125,3.5,0,1,1,1,0,0,0,0,0
TheSpectacularNow_042,2.625,2.75,0,1,1,1,0,0,0,0,0
TheSpectacularNow_043,4.5,4.0,0,1,1,1,0,0,0,0,0
TheSpectacularNow_044,3.75,3.5,0,1,1,1,0,0,0,0,0
TheSpectacularNow_045,2.875,2.75,0,1,1,1,0,0,0,0,0
TheSpectacularNow_046,4.0,1.0,0,1,1,1,0,0,0,0,0
TheSpectacularNow_047,4.0,1.75,0,1,1,1,0,0,0,0,0
TheSpectacularNow_048,4.25,3.25,0,1,1,1,0,0,0,0,0
TheSpectacularNow_049,4.25,3.25,0,1,1,1,0,0,0,0,0
TheSpectacularNow_050,3.875,4.0,0,1,1,1,0,0,0,0,0
TheSpectacularNow_051,3.375,3.25,0,1,1,1,0,0,0,0,0
TheSpectacularNow_052,1.375,2.5,0,1,1,1,0,0,0,0,0
TheSpectacularNow_053,2.75,3.5,0,1,1,1,0,0,0,0,0
TheSpectacularNow_054,1.625,5.0,0,1,1,1,0,0,0,0,0
TheSpectacularNow_055,1.75,3.0,0,1,1,1,0,0,0,0,0
TheSpectacularNow_056,4.25,3.75,0,1,1,1,0,0,0,0,0
TheSpectacularNow_057,3.875,3.25,0,1,1,1,0,0,0,0,0
TheSpectacularNow_058,3.75,3.75,0,1,1,1,0,0,0,0,0
TheSpectacularNow_059,3.75,2.75,0,1,1,1,0,0,0,0,0
TheSpectacularNow_060,3.0,2.5,0,1,1,1,0,0,0,0,0
TheSpectacularNow_061,3.875,2.25,0,1,1,1,0,0,0,0,0
TheSpectacularNow_062,2.875,3.0,0,1,1,1,0,0,0,0,0
TheSpectacularNow_063,2.5,2.75,0,1,1,1,0,0,0,0,0
TheSpectacularNow_064,1.5,2.75,0,1,1,1,0,0,0,0,0
TheSpectacularNow_065,2.625,2.75,0,1,1,1,0,0,0,0,0
TheSpectacularNow_066,1.875,3.0,0,1,1,1,0,0,0,0,0
TheSpectacularNow_067,1.5,3.5,0,1,1,1,0,0,0,0,0
TheSpectacularNow_068,1.5,2.25,0,1,1,1,0,0,0,0,0
TheSpectacularNow_069,1.25,2.0,0,1,1,1,0,0,0,0,0
TheSpectacularNow_070,1.125,4.75,0,1,1,1,0,0,0,0,0
TheSpectacularNow_071,1.0,5.0,0,1,1,1,0,0,0,0,0
TheSpectacularNow_072,3.125,1.75,0,1,1,1,0,0,0,0,0
TheSpectacularNow_073,3.0,2.5,0,1,1,1,0,0,0,0,0
TheSpectacularNow_074,3.625,2.25,0,1,1,1,0,0,0,0,0
TheSpectacularNow_075,2.0,2.75,0,1,1,1,0,0,0,0,0
TheSpectacularNow_076,4.0,2.25,0,1,1,1,0,0,0,0,0
TheSpectacularNow_077,1.375,1.75,0,1,1,1,0,0,0,0,0
TheSpectacularNow_078,1.25,4.75,0,1,1,1,0,0,0,0,0
TheSpectacularNow_079,2.125,3.5,0,1,1,1,0,0,0,0,0
TheSpectacularNow_080,1.25,2.25,0,1,1,1,0,0,0,0,0
TheSpectacularNow_081,2.125,3.5,0,1,1,1,0,0,0,0,0
TheSpectacularNow_082,3.125,3.25,0,1,1,1,0,0,0,0,0
LadyBird_000,3.25,2.0,0,0,1,1,0,0,0,0,0
LadyBird_001,2.625,1.75,0,0,1,1,0,0,0,0,0
LadyBird_002,3.0,2.5,0,0,1,1,0,0,0,0,0
LadyBird_003,1.875,4.5,0,0,1,1,0,0,0,0,0
LadyBird_004,1.5,4.5,0,0,1,1,0,0,0,0,0
LadyBird_005,1.5,4.75,0,0,1,1,0,0,0,0,0
LadyBird_006,1.125,5.0,0,0,1,1,0,0,0,0,0
LadyBird_007,2.875,2.5,0,0,1,1,0,0,0,0,0
LadyBird_008,3.75,1.75,0,0,1,1,0,0,0,0,0
LadyBird_009,2.25,4.0,0,0,1,1,0,0,0,0,0
LadyBird_010,2.875,3.0,0,0,1,1,0,0,0,0,0
LadyBird_011,2.75,4.25,0,0,1,1,0,0,0,0,0
LadyBird_012,3.25,2.75,0,0,1,1,0,0,0,0,0
LadyBird_013,2.25,4.0,0,0,1,1,0,0,0,0,0
LadyBird_014,3.375,2.5,0,0,1,1,0,0,0,0,0
LadyBird_015,4.25,2.75,0,0,1,1,0,0,0,0,0
LadyBird_016,3.5,2.75,0,0,1,1,0,0,0,0,0
LadyBird_017,3.375,2.25,0,0,1,1,0,0,0,0,0
LadyBird_018,4.25,3.25,0,0,1,1,0,0,0,0,0
LadyBird_019,4.375,4.5,0,0,1,1,0,0,0,0,0
LadyBird_020,2.75,2.5,0,0,1,1,0,0,0,0,0
LadyBird_021,1.875,2.75,0,0,1,1,0,0,0,0,0
LadyBird_022,4.0,3.75,0,0,1,1,0,0,0,0,0
LadyBird_023,2.75,3.0,0,0,1,1,0,0,0,0,0
LadyBird_024,2.375,2.5,0,0,1,1,0,0,0,0,0
LadyBird_025,4.0,3.0,0,0,1,1,0,0,0,0,0
LadyBird_026,4.5,3.25,0,0,1,1,0,0,0,0,0
LadyBird_027,3.0,2.25,0,0,1,1,0,0,0,0,0
LadyBird_028,3.75,4.25,0,0,1,1,0,0,0,0,0
LadyBird_029,4.5,2.75,0,0,1,1,0,0,0,0,0
LadyBird_030,4.25,2.5,0,0,1,1,0,0,0,0,0
LadyBird_031,4.375,4.25,0,0,1,1,0,0,0,0,0
LadyBird_032,1.375,3.75,0,0,1,1,0,0,0,0,0
LadyBird_033,1.5,2.75,0,0,1,1,0,0,0,0,0
LadyBird_034,3.875,2.0,0,0,1,1,0,0,0,0,0
LadyBird_035,4.0,1.5,0,0,1,1,0,0,0,0,0
LadyBird_036,4.375,2.0,0,0,1,1,0,0,0,0,0
LadyBird_037,4.375,3.25,0,0,1,1,0,0,0,0,0
LadyBird_038,3.0,2.75,0,0,1,1,0,0,0,0,0
LadyBird_039,2.0,3.25,0,0,1,1,0,0,0,0,0
LadyBird_040,2.0,4.25,0,0,1,1,0,0,0,0,0
LadyBird_041,4.125,3.5,0,0,1,1,0,0,0,0,0
LadyBird_042,3.375,3.25,0,0,1,1,0,0,0,0,0
LadyBird_043,4.125,3.0,0,0,1,1,0,0,0,0,0
LadyBird_044,4.125,3.0,0,0,1,1,0,0,0,0,0
LadyBird_045,4.375,2.75,0,0,1,1,0,0,0,0,0
LadyBird_046,4.25,3.5,0,0,1,1,0,0,0,0,0
LadyBird_047,3.25,3.0,0,0,1,1,0,0,0,0,0
LadyBird_048,4.375,4.75,0,0,1,1,0,0,0,0,0
LadyBird_049,2.75,2.25,0,0,1,1,0,0,0,0,0
LadyBird_050,3.125,2.0,0,0,1,1,0,0,0,0,0
LadyBird_051,4.25,4.75,0,0,1,1,0,0,0,0,0
LadyBird_052,2.625,3.75,0,0,1,1,0,0,0,0,0
LadyBird_053,4.75,3.5,0,0,1,1,0,0,0,0,0
LadyBird_054,4.875,3.5,0,0,1,1,0,0,0,0,0
LadyBird_055,4.75,3.25,0,0,1,1,0,0,0,0,0
LadyBird_056,3.5,3.25,0,0,1,1,0,0,0,0,0
LadyBird_057,3.875,2.75,0,0,1,1,0,0,0,0,0
LadyBird_058,3.125,2.5,0,0,1,1,0,0,0,0,0
LadyBird_059,2.25,3.25,0,0,1,1,0,0,0,0,0
LadyBird_060,2.125,3.0,0,0,1,1,0,0,0,0,0
LadyBird_061,2.875,3.0,0,0,1,1,0,0,0,0,0
LadyBird_062,3.0,3.0,0,0,1,1,0,0,0,0,0
LadyBird_063,1.75,2.5,0,0,1,1,0,0,0,0,0
LadyBird_064,3.125,2.25,0,0,1,1,0,0,0,0,0
LadyBird_065,2.0,3.0,0,0,1,1,0,0,0,0,0
LadyBird_066,1.75,4.5,0,0,1,1,0,0,0,0,0
LadyBird_067,1.625,4.25,0,0,1,1,0,0,0,0,0
LadyBird_068,1.875,3.25,0,0,1,1,0,0,0,0,0
LadyBird_069,1.875,3.75,0,0,1,1,0,0,0,0,0
LadyBird_070,1.25,4.75,0,0,1,1,0,0,0,0,0
LadyBird_071,1.25,5.0,0,0,1,1,0,0,0,0,0
LadyBird_072,2.75,2.0,0,0,1,1,0,0,0,0,0
LadyBird_073,3.625,3.5,0,0,1,1,0,0,0,0,0
LadyBird_074,4.375,5.0,0,0,1,1,0,0,0,0,0
LadyBird_075,2.5,3.25,0,0,1,1,0,0,0,0,0
LadyBird_076,3.0,2.75,0,0,1,1,0,0,0,0,0
LadyBird_077,1.875,2.5,0,0,1,1,0,0,0,0,0
LadyBird_078,2.75,3.0,0,0,1,1,0,0,0,0,0
LadyBird_079,1.0,5.0,0,0,1,1,0,0,0,0,0
LadyBird_080,1.0,5.0,0,0,1,1,0,0,0,0,0
LadyBird_081,1.0,4.0,0,0,1,1,0,0,0,0,0
LadyBird_082,1.75,4.5,0,0,1,1,0,0,0,0,0
LadyBird_083,1.5,2.5,0,0,1,1,0,0,0,0,0
LadyBird_084,2.25,2.75,0,0,1,1,0,0,0,0,0
LadyBird_085,3.0,2.5,0,0,1,1,0,0,0,0,0
LadyBird_086,3.375,4.25,0,0,1,1,0,0,0,0,0
LadyBird_087,3.125,3.5,0,0,1,1,0,0,0,0,0
LadyBird_088,3.125,3.75,0,0,1,1,0,0,0,0,0
LadyBird_089,2.375,3.25,0,0,1,1,0,0,0,0,0
LadyBird_090,3.5,2.75,0,0,1,1,0,0,0,0,0
LadyBird_091,1.5,4.0,0,0,1,1,0,0,0,0,0
LadyBird_092,1.375,4.5,0,0,1,1,0,0,0,0,0
LadyBird_093,2.0,2.75,0,0,1,1,0,0,0,0,0
LadyBird_094,2.75,4.0,0,0,1,1,0,0,0,0,0
LadyBird_095,3.125,3.0,0,0,1,1,0,0,0,0,0
LadyBird_096,3.375,2.75,0,0,1,1,0,0,0,0,0
LadyBird_097,2.25,3.25,0,0,1,1,0,0,0,0,0
LadyBird_098,2.0,2.0,0,0,1,1,0,0,0,0,0
LadyBird_099,4.25,3.0,0,0,1,1,0,0,0,0,0
LadyBird_100,2.125,2.75,0,0,1,1,0,0,0,0,0
LadyBird_101,4.625,4.25,0,0,1,1,0,0,0,0,0
LadyBird_102,4.125,2.0,0,0,1,1,0,0,0,0,0
LadyBird_103,3.875,2.0,0,0,1,1,0,0,0,0,0
LadyBird_104,4.875,3.25,0,0,1,1,0,0,0,0,0
LadyBird_105,1.625,3.75,0,0,1,1,0,0,0,0,0
LadyBird_106,3.875,2.25,0,0,1,1,0,0,0,0,0
LadyBird_107,3.25,1.5,0,0,1,1,0,0,0,0,0
LadyBird_108,2.0,2.0,0,0,1,1,0,0,0,0,0
LadyBird_109,2.375,3.0,0,0,1,1,0,0,0,0,0
LadyBird_110,3.75,1.75,0,0,1,1,0,0,0,0,0
LadyBird_111,3.375,3.0,0,0,1,1,0,0,0,0,0
LadyBird_112,3.0,3.5,0,0,1,1,0,0,0,0,0
LadyBird_113,5.0,1.75,0,0,1,1,0,0,0,0,0
Wonder_000,1.75,4.5,0,0,1,0,0,1,0,0,0
Wonder_001,2.125,2.5,0,0,1,0,0,1,0,0,0
Wonder_002,3.125,2.0,0,0,1,0,0,1,0,0,0
Wonder_003,3.75,2.5,0,0,1,0,0,1,0,0,0
Wonder_004,3.125,2.5,0,0,1,0,0,1,0,0,0
Wonder_005,4.25,2.5,0,0,1,0,0,1,0,0,0
Wonder_006,5.0,4.0,0,0,1,0,0,1,0,0,0
Wonder_007,3.625,2.25,0,0,1,0,0,1,0,0,0
Wonder_008,4.375,1.75,0,0,1,0,0,1,0,0,0
Wonder_009,3.625,2.25,0,0,1,0,0,1,0,0,0
Wonder_010,3.5,3.0,0,0,1,0,0,1,0,0,0
Wonder_011,4.0,2.25,0,0,1,0,0,1,0,0,0
Wonder_012,3.125,3.0,0,0,1,0,0,1,0,0,0
Wonder_013,1.125,2.75,0,0,1,0,0,1,0,0,0
Wonder_014,1.375,3.25,0,0,1,0,0,1,0,0,0
Wonder_015,1.5,2.5,0,0,1,0,0,1,0,0,0
Wonder_016,1.375,4.5,0,0,1,0,0,1,0,0,0
Wonder_017,2.375,2.25,0,0,1,0,0,1,0,0,0
Wonder_018,3.625,2.25,0,0,1,0,0,1,0,0,0
Wonder_019,2.375,2.25,0,0,1,0,0,1,0,0,0
Wonder_020,2.5,2.25,0,0,1,0,0,1,0,0,0
Wonder_021,1.375,3.75,0,0,1,0,0,1,0,0,0
Wonder_022,2.5,2.5,0,0,1,0,0,1,0,0,0
Wonder_023,1.875,3.5,0,0,1,0,0,1,0,0,0
Wonder_024,3.75,2.25,0,0,1,0,0,1,0,0,0
Wonder_025,4.25,2.25,0,0,1,0,0,1,0,0,0
Wonder_026,4.5,1.75,0,0,1,0,0,1,0,0,0
Wonder_027,3.875,2.0,0,0,1,0,0,1,0,0,0
Wonder_028,4.25,2.5,0,0,1,0,0,1,0,0,0
Wonder_029,2.5,3.25,0,0,1,0,0,1,0,0,0
Wonder_030,2.875,2.5,0,0,1,0,0,1,0,0,0
Wonder_031,2.625,2.75,0,0,1,0,0,1,0,0,0
Wonder_032,4.125,3.25,0,0,1,0,0,1,0,0,0
Wonder_033,2.375,2.25,0,0,1,0,0,1,0,0,0
Wonder_034,2.375,1.25,0,0,1,0,0,1,0,0,0
Wonder_035,2.875,2.5,0,0,1,0,0,1,0,0,0
Wonder_036,3.75,2.75,0,0,1,0,0,1,0,0,0
Wonder_037,3.25,2.75,0,0,1,0,0,1,0,0,0
Wonder_038,3.5,2.75,0,0,1,0,0,1,0,0,0
Wonder_039,4.125,3.0,0,0,1,0,0,1,0,0,0
Wonder_040,4.75,3.75,0,0,1,0,0,1,0,0,0
Wonder_041,4.625,3.25,0,0,1,0,0,1,0,0,0
Wonder_042,4.5,3.25,0,0,1,0,0,1,0,0,0
Wonder_043,4.875,4.25,0,0,1,0,0,1,0,0,0
Wonder_044,4.375,3.0,0,0,1,0,0,1,0,0,0
Wonder_045,4.75,2.75,0,0,1,0,0,1,0,0,0
Wonder_046,4.5,2.75,0,0,1,0,0,1,0,0,0
Wonder_047,4.25,2.5,0,0,1,0,0,1,0,0,0
Wonder_048,4.0,2.5,0,0,1,0,0,1,0,0,0
Wonder_049,3.5,2.5,0,0,1,0,0,1,0,0,0
Wonder_050,4.75,1.5,0,0,1,0,0,1,0,0,0
Wonder_051,5.0,2.0,0,0,1,0,0,1,0,0,0
Wonder_052,2.0,4.25,0,0,1,0,0,1,0,0,0
Wonder_053,3.125,2.75,0,0,1,0,0,1,0,0,0
Wonder_054,2.75,2.25,0,0,1,0,0,1,0,0,0
Wonder_055,4.0,2.5,0,0,1,0,0,1,0,0,0
Wonder_056,1.375,3.5,0,0,1,0,0,1,0,0,0
Wonder_057,3.75,2.5,0,0,1,0,0,1,0,0,0
Wonder_058,1.75,3.5,0,0,1,0,0,1,0,0,0
Wonder_059,1.375,4.75,0,0,1,0,0,1,0,0,0
Wonder_060,1.25,5.0,0,0,1,0,0,1,0,0,0
Wonder_061,1.0,5.0,0,0,1,0,0,1,0,0,0
Wonder_062,3.0,2.25,0,0,1,0,0,1,0,0,0
Wonder_063,4.5,2.75,0,0,1,0,0,1,0,0,0
Wonder_064,2.125,3.25,0,0,1,0,0,1,0,0,0
Wonder_065,2.625,3.0,0,0,1,0,0,1,0,0,0
Wonder_066,2.25,3.25,0,0,1,0,0,1,0,0,0
Wonder_067,2.625,2.0,0,0,1,0,0,1,0,0,0
Wonder_068,4.5,2.5,0,0,1,0,0,1,0,0,0
Wonder_069,2.25,3.25,0,0,1,0,0,1,0,0,0
Wonder_070,1.875,2.75,0,0,1,0,0,1,0,0,0
Wonder_071,3.375,2.5,0,0,1,0,0,1,0,0,0
Wonder_072,2.375,4.25,0,0,1,0,0,1,0,0,0
Wonder_073,3.875,3.0,0,0,1,0,0,1,0,0,0
Wonder_074,4.5,2.75,0,0,1,0,0,1,0,0,0
Wonder_075,3.5,2.5,0,0,1,0,0,1,0,0,0
Wonder_076,2.5,3.0,0,0,1,0,0,1,0,0,0
Wonder_077,3.75,3.25,0,0,1,0,0,1,0,0,0
Wonder_078,4.0,2.5,0,0,1,0,0,1,0,0,0
Wonder_079,3.125,3.0,0,0,1,0,0,1,0,0,0
Wonder_080,4.25,3.0,0,0,1,0,0,1,0,0,0
Wonder_081,3.75,2.75,0,0,1,0,0,1,0,0,0
Wonder_082,4.375,2.75,0,0,1,0,0,1,0,0,0
Wonder_083,2.875,2.0,0,0,1,0,0,1,0,0,0
Wonder_084,4.125,2.75,0,0,1,0,0,1,0,0,0
Wonder_085,4.125,2.75,0,0,1,0,0,1,0,0,0
Wonder_086,2.125,2.5,0,0,1,0,0,1,0,0,0
Wonder_087,4.25,2.75,0,0,1,0,0,1,0,0,0
Wonder_088,2.375,2.5,0,0,1,0,0,1,0,0,0
Wonder_089,4.875,4.25,0,0,1,0,0,1,0,0,0
Wonder_090,2.125,2.75,0,0,1,0,0,1,0,0,0
Wonder_091,4.625,5.0,0,0,1,0,0,1,0,0,0
Wonder_092,4.25,2.25,0,0,1,0,0,1,0,0,0
Wonder_093,3.25,2.75,0,0,1,0,0,1,0,0,0
Wonder_094,2.125,3.0,0,0,1,0,0,1,0,0,0
Wonder_095,2.0,3.0,0,0,1,0,0,1,0,0,0
Wonder_096,2.125,3.0,0,0,1,0,0,1,0,0,0
Wonder_097,1.25,5.0,0,0,1,0,0,1,0,0,0
Wonder_098,1.125,3.25,0,0,1,0,0,1,0,0,0
Wonder_099,1.25,4.75,0,0,1,0,0,1,0,0,0
Wonder_100,1.25,4.0,0,0,1,0,0,1,0,0,0
Wonder_101,2.375,2.5,0,0,1,0,0,1,0,0,0
Wonder_102,2.25,2.5,0,0,1,0,0,1,0,0,0
Wonder_103,1.875,2.75,0,0,1,0,0,1,0,0,0
Wonder_104,1.375,4.25,0,0,1,0,0,1,0,0,0
Wonder_105,1.375,3.75,0,0,1,0,0,1,0,0,0
Wonder_106,1.375,2.25,0,0,1,0,0,1,0,0,0
Wonder_107,1.875,1.5,0,0,1,0,0,1,0,0,0
Wonder_108,3.625,1.75,0,0,1,0,0,1,0,0,0
Wonder_109,1.875,2.0,0,0,1,0,0,1,0,0,0
Wonder_110,1.625,2.5,0,0,1,0,0,1,0,0,0
Wonder_111,4.625,2.25,0,0,1,0,0,1,0,0,0
Wonder_112,3.625,2.75,0,0,1,0,0,1,0,0,0
Wonder_113,3.25,2.75,0,0,1,0,0,1,0,0,0
Wonder_114,3.625,2.75,0,0,1,0,0,1,0,0,0
Wonder_115,3.75,4.25,0,0,1,0,0,1,0,0,0
Wonder_116,3.25,2.5,0,0,1,0,0,1,0,0,0
Wonder_117,4.0,2.75,0,0,1,0,0,1,0,0,0
Wonder_118,3.0,3.0,0,0,1,0,0,1,0,0,0
Wonder_119,3.375,3.25,0,0,1,0,0,1,0,0,0
Wonder_120,4.75,1.75,0,0,1,0,0,1,0,0,0
Wonder_121,4.75,3.75,0,0,1,0,0,1,0,0,0
Wonder_122,4.625,3.5,0,0,1,0,0,1,0,0,0
Wonder_123,4.875,4.0,0,0,1,0,0,1,0,0,0
Wonder_124,4.625,3.5,0,0,1,0,0,1,0,0,0
Wonder_125,3.875,3.5,0,0,1,0,0,1,0,0,0
Wonder_126,4.375,3.25,0,0,1,0,0,1,0,0,0
Wonder_127,4.5,3.5,0,0,1,0,0,1,0,0,0
Wonder_128,4.875,4.5,0,0,1,0,0,1,0,0,0
Wonder_129,4.625,3.5,0,0,1,0,0,1,0,0,0
Wonder_130,4.375,2.25,0,0,1,0,0,1,0,0,0
Wonder_131,4.625,4.5,0,0,1,0,0,1,0,0,0
Wonder_132,4.125,3.0,0,0,1,0,0,1,0,0,0
Wonder_133,4.5,5.0,0,0,1,0,0,1,0,0,0
Wonder_134,4.75,4.25,0,0,1,0,0,1,0,0,0
Wonder_135,3.375,2.75,0,0,1,0,0,1,0,0,0
Wonder_136,3.875,3.25,0,0,1,0,0,1,0,0,0
Wonder_137,3.375,3.0,0,0,1,0,0,1,0,0,0
Wonder_138,1.625,3.25,0,0,1,0,0,1,0,0,0
Wonder_139,1.375,5.0,0,0,1,0,0,1,0,0,0
Wonder_140,1.375,5.0,0,0,1,0,0,1,0,0,0
Wonder_141,2.0,4.75,0,0,1,0,0,1,0,0,0
Wonder_142,3.5,4.0,0,0,1,0,0,1,0,0,0
Wonder_143,4.25,3.0,0,0,1,0,0,1,0,0,0
Wonder_144,4.625,3.0,0,0,1,0,0,1,0,0,0
Wonder_145,4.75,1.75,0,0,1,0,0,1,0,0,0
Wonder_146,3.625,3.0,0,0,1,0,0,1,0,0,0
Wonder_147,4.0,3.25,0,0,1,0,0,1,0,0,0
Wonder_148,4.5,2.75,0,0,1,0,0,1,0,0,0
Wonder_149,3.75,2.5,0,0,1,0,0,1,0,0,0
Wonder_150,3.25,3.75,0,0,1,0,0,1,0,0,0
Wonder_151,4.75,2.25,0,0,1,0,0,1,0,0,0
Wonder_152,5.0,1.5,0,0,1,0,0,1,0,0,0
Wonder_153,5.0,4.5,0,0,1,0,0,1,0,0,0
Wonder_154,4.875,4.25,0,0,1,0,0,1,0,0,0
TheBlindSide_000,2.625,3.0,0,0,1,0,1,0,0,1,0
TheBlindSide_001,2.75,3.5,0,0,1,0,1,0,0,1,0
TheBlindSide_002,3.625,3.0,0,0,1,0,1,0,0,1,0
TheBlindSide_003,2.75,2.75,0,0,1,0,1,0,0,1,0
TheBlindSide_004,4.125,3.0,0,0,1,0,1,0,0,1,0
TheBlindSide_005,3.625,3.25,0,0,1,0,1,0,0,1,0
TheBlindSide_006,3.0,2.75,0,0,1,0,1,0,0,1,0
TheBlindSide_007,3.0,2.5,0,0,1,0,1,0,0,1,0
TheBlindSide_008,2.25,3.0,0,0,1,0,1,0,0,1,0
TheBlindSide_009,3.375,2.75,0,0,1,0,1,0,0,1,0
TheBlindSide_010,4.25,2.75,0,0,1,0,1,0,0,1,0
TheBlindSide_011,3.5,2.0,0,0,1,0,1,0,0,1,0
TheBlindSide_012,2.875,3.0,0,0,1,0,1,0,0,1,0
TheBlindSide_013,4.0,2.75,0,0,1,0,1,0,0,1,0
TheBlindSide_014,2.75,2.25,0,0,1,0,1,0,0,1,0
TheBlindSide_015,3.25,2.75,0,0,1,0,1,0,0,1,0
TheBlindSide_016,3.0,3.25,0,0,1,0,1,0,0,1,0
TheBlindSide_017,4.0,2.75,0,0,1,0,1,0,0,1,0
TheBlindSide_018,3.375,2.5,0,0,1,0,1,0,0,1,0
TheBlindSide_019,3.25,2.0,0,0,1,0,1,0,0,1,0
TheBlindSide_020,4.125,2.0,0,0,1,0,1,0,0,1,0
TheBlindSide_021,3.625,2.5,0,0,1,0,1,0,0,1,0
TheBlindSide_022,3.25,2.75,0,0,1,0,1,0,0,1,0
TheBlindSide_023,2.625,2.25,0,0,1,0,1,0,0,1,0
TheBlindSide_024,2.625,2.0,0,0,1,0,1,0,0,1,0
TheBlindSide_025,3.5,3.0,0,0,1,0,1,0,0,1,0
TheBlindSide_026,2.625,3.5,0,0,1,0,1,0,0,1,0
TheBlindSide_027,2.125,2.75,0,0,1,0,1,0,0,1,0
TheBlindSide_028,1.875,1.75,0,0,1,0,1,0,0,1,0
TheBlindSide_029,3.25,2.5,0,0,1,0,1,0,0,1,0
TheBlindSide_030,3.25,2.5,0,0,1,0,1,0,0,1,0
TheBlindSide_031,4.25,2.75,0,0,1,0,1,0,0,1,0
TheBlindSide_032,3.5,2.75,0,0,1,0,1,0,0,1,0
TheBlindSide_033,4.125,1.75,0,0,1,0,1,0,0,1,0
TheBlindSide_034,4.0,2.75,0,0,1,0,1,0,0,1,0
TheBlindSide_035,3.625,2.5,0,0,1,0,1,0,0,1,0
TheBlindSide_036,2.25,2.75,0,0,1,0,1,0,0,1,0
TheBlindSide_037,3.875,3.0,0,0,1,0,1,0,0,1,0
TheBlindSide_038,4.5,3.75,0,0,1,0,1,0,0,1,0
TheBlindSide_039,3.625,3.0,0,0,1,0,1,0,0,1,0
TheBlindSide_040,3.0,2.75,0,0,1,0,1,0,0,1,0
TheBlindSide_041,3.75,3.0,0,0,1,0,1,0,0,1,0
TheBlindSide_042,3.5,2.75,0,0,1,0,1,0,0,1,0
TheBlindSide_043,2.5,2.5,0,0,1,0,1,0,0,1,0
TheBlindSide_044,1.5,2.0,0,0,1,0,1,0,0,1,0
TheBlindSide_045,4.625,1.75,0,0,1,0,1,0,0,1,0
TheBlindSide_046,4.75,2.5,0,0,1,0,1,0,0,1,0
TheBlindSide_047,4.125,3.0,0,0,1,0,1,0,0,1,0
TheBlindSide_048,4.25,2.75,0,0,1,0,1,0,0,1,0
TheBlindSide_049,3.625,3.0,0,0,1,0,1,0,0,1,0
TheBlindSide_050,3.625,2.75,0,0,1,0,1,0,0,1,0
TheBlindSide_051,2.625,2.5,0,0,1,0,1,0,0,1,0
TheBlindSide_052,4.125,2.75,0,0,1,0,1,0,0,1,0
TheBlindSide_053,3.25,2.25,0,0,1,0,1,0,0,1,0
TheBlindSide_054,3.5,3.25,0,0,1,0,1,0,0,1,0
TheBlindSide_055,3.75,3.75,0,0,1,0,1,0,0,1,0
TheBlindSide_056,5.0,4.0,0,0,1,0,1,0,0,1,0
TheBlindSide_057,2.75,3.5,0,0,1,0,1,0,0,1,0
TheBlindSide_058,3.75,2.0,0,0,1,0,1,0,0,1,0
TheBlindSide_059,4.75,3.5,0,0,1,0,1,0,0,1,0
TheBlindSide_060,4.875,4.0,0,0,1,0,1,0,0,1,0
TheBlindSide_061,4.125,3.5,0,0,1,0,1,0,0,1,0
TheBlindSide_062,3.125,3.0,0,0,1,0,1,0,0,1,0
TheBlindSide_063,3.875,3.0,0,0,1,0,1,0,0,1,0
TheBlindSide_064,4.625,4.5,0,0,1,0,1,0,0,1,0
TheBlindSide_065,2.875,3.5,0,0,1,0,1,0,0,1,0
TheBlindSide_066,2.375,3.25,0,0,1,0,1,0,0,1,0
TheBlindSide_067,2.25,3.75,0,0,1,0,1,0,0,1,0
TheBlindSide_068,4.0,3.25,0,0,1,0,1,0,0,1,0
TheBlindSide_069,4.625,3.5,0,0,1,0,1,0,0,1,0
TheBlindSide_070,3.0,3.0,0,0,1,0,1,0,0,1,0
TheBlindSide_071,2.5,3.5,0,0,1,0,1,0,0,1,0
TheBlindSide_072,2.875,3.0,0,0,1,0,1,0,0,1,0
TheBlindSide_073,3.125,2.5,0,0,1,0,1,0,0,1,0
TheBlindSide_074,2.75,2.75,0,0,1,0,1,0,0,1,0
TheBlindSide_075,1.875,1.75,0,0,1,0,1,0,0,1,0
TheBlindSide_076,3.625,2.25,0,0,1,0,1,0,0,1,0
TheBlindSide_077,4.5,3.0,0,0,1,0,1,0,0,1,0
TheBlindSide_078,3.75,2.75,0,0,1,0,1,0,0,1,0
TheBlindSide_079,4.875,2.5,0,0,1,0,1,0,0,1,0
TheBlindSide_080,4.5,3.25,0,0,1,0,1,0,0,1,0
TheBlindSide_081,1.625,4.75,0,0,1,0,1,0,0,1,0
TheBlindSide_082,1.25,3.25,0,0,1,0,1,0,0,1,0
TheBlindSide_083,1.5,3.25,0,0,1,0,1,0,0,1,0
TheBlindSide_084,2.5,2.0,0,0,1,0,1,0,0,1,0
TheBlindSide_085,2.0,1.75,0,0,1,0,1,0,0,1,0
TheBlindSide_086,2.625,2.25,0,0,1,0,1,0,0,1,0
TheBlindSide_087,3.875,2.5,0,0,1,0,1,0,0,1,0
TheBlindSide_088,4.5,2.75,0,0,1,0,1,0,0,1,0
TheBlindSide_089,4.375,3.25,0,0,1,0,1,0,0,1,0
TheBlindSide_090,4.0,2.75,0,0,1,0,1,0,0,1,0
TheBlindSide_091,4.0,3.25,0,0,1,0,1,0,0,1,0
TheBlindSide_092,4.125,3.25,0,0,1,0,1,0,0,1,0
TheBlindSide_093,5.0,4.0,0,0,1,0,1,0,0,1,0
Gifted_000,2.375,3.25,0,0,1,0,0,0,0,0,0
Gifted_001,2.625,2.5,0,0,1,0,0,0,0,0,0
Gifted_002,2.375,3.0,0,0,1,0,0,0,0,0,0
Gifted_003,2.625,3.25,0,0,1,0,0,0,0,0,0
Gifted_004,2.875,2.25,0,0,1,0,0,0,0,0,0
Gifted_005,2.375,3.0,0,0,1,0,0,0,0,0,0
Gifted_006,2.75,3.25,0,0,1,0,0,0,0,0,0
Gifted_007,3.875,1.75,0,0,1,0,0,0,0,0,0
Gifted_008,4.125,1.75,0,0,1,0,0,0,0,0,0
Gifted_009,2.0,3.0,0,0,1,0,0,0,0,0,0
Gifted_010,3.0,3.0,0,0,1,0,0,0,0,0,0
Gifted_011,3.375,3.25,0,0,1,0,0,0,0,0,0
Gifted_012,2.875,2.75,0,0,1,0,0,0,0,0,0
Gifted_013,2.5,3.0,0,0,1,0,0,0,0,0,0
Gifted_014,2.0,3.0,0,0,1,0,0,0,0,0,0
Gifted_015,2.125,3.0,0,0,1,0,0,0,0,0,0
Gifted_016,2.25,3.25,0,0,1,0,0,0,0,0,0
Gifted_017,2.25,3.75,0,0,1,0,0,0,0,0,0
Gifted_018,1.875,4.25,0,0,1,0,0,0,0,0,0
Gifted_019,1.625,4.5,0,0,1,0,0,0,0,0,0
Gifted_020,1.625,4.25,0,0,1,0,0,0,0,0,0
Gifted_021,1.875,3.0,0,0,1,0,0,0,0,0,0
Gifted_022,2.0,4.0,0,0,1,0,0,0,0,0,0
Gifted_023,2.5,2.0,0,0,1,0,0,0,0,0,0
Gifted_024,2.625,2.25,0,0,1,0,0,0,0,0,0
Gifted_025,4.375,1.75,0,0,1,0,0,0,0,0,0
Gifted_026,4.0,1.75,0,0,1,0,0,0,0,0,0
Gifted_027,1.375,4.75,0,0,1,0,0,0,0,0,0
Gifted_028,1.25,4.75,0,0,1,0,0,0,0,0,0
Gifted_029,2.25,2.5,0,0,1,0,0,0,0,0,0
Gifted_030,2.625,2.0,0,0,1,0,0,0,0,0,0
Gifted_031,3.625,2.0,0,0,1,0,0,0,0,0,0
Gifted_032,2.75,2.5,0,0,1,0,0,0,0,0,0
Gifted_033,3.125,2.5,0,0,1,0,0,0,0,0,0
Gifted_034,3.125,2.25,0,0,1,0,0,0,0,0,0
Gifted_035,3.5,2.75,0,0,1,0,0,0,0,0,0
Gifted_036,3.625,3.0,0,0,1,0,0,0,0,0,0
Gifted_037,3.75,2.25,0,0,1,0,0,0,0,0,0
Gifted_038,2.5,4.0,0,0,1,0,0,0,0,0,0
Gifted_039,3.0,2.75,0,0,1,0,0,0,0,0,0
Gifted_040,4.375,3.0,0,0,1,0,0,0,0,0,0
Gifted_041,3.75,2.25,0,0,1,0,0,0,0,0,0
Gifted_042,3.0,3.0,0,0,1,0,0,0,0,0,0
Gifted_043,3.25,2.25,0,0,1,0,0,0,0,0,0
Gifted_044,4.0,2.0,0,0,1,0,0,0,0,0,0
Gifted_045,2.875,2.25,0,0,1,0,0,0,0,0,0
Gifted_046,4.0,2.25,0,0,1,0,0,0,0,0,0
Gifted_047,2.875,2.0,0,0,1,0,0,0,0,0,0
Gifted_048,2.125,2.75,0,0,1,0,0,0,0,0,0
Gifted_049,4.625,2.75,0,0,1,0,0,0,0,0,0
Gifted_050,4.625,3.0,0,0,1,0,0,0,0,0,0
Gifted_051,4.625,2.75,0,0,1,0,0,0,0,0,0
Gifted_052,1.625,2.0,0,0,1,0,0,0,0,0,0
Gifted_053,1.0,4.25,0,0,1,0,0,0,0,0,0
Gifted_054,1.125,4.75,0,0,1,0,0,0,0,0,0
Gifted_055,1.25,3.0,0,0,1,0,0,0,0,0,0
Gifted_056,2.375,2.75,0,0,1,0,0,0,0,0,0
Gifted_057,3.25,2.75,0,0,1,0,0,0,0,0,0
Gifted_058,1.625,4.75,0,0,1,0,0,0,0,0,0
Gifted_059,1.375,4.75,0,0,1,0,0,0,0,0,0
Gifted_060,1.5,3.0,0,0,1,0,0,0,0,0,0
Gifted_061,2.25,1.75,0,0,1,0,0,0,0,0,0
Gifted_062,2.375,2.5,0,0,1,0,0,0,0,0,0
Gifted_063,2.625,1.75,0,0,1,0,0,0,0,0,0
Gifted_064,3.875,2.75,0,0,1,0,0,0,0,0,0
Gifted_065,4.125,3.0,0,0,1,0,0,0,0,0,0
Gifted_066,4.625,4.0,0,0,1,0,0,0,0,0,0
TheJudge_000,2.0,2.5,0,0,1,0,0,0,0,0,1
TheJudge_001,3.875,2.75,0,0,1,0,0,0,0,0,1
TheJudge_002,1.875,3.5,0,0,1,0,0,0,0,0,1
TheJudge_003,1.375,4.5,0,0,1,0,0,0,0,0,1
TheJudge_004,1.125,4.75,0,0,1,0,0,0,0,0,1
TheJudge_005,1.375,4.0,0,0,1,0,0,0,0,0,1
TheJudge_006,2.625,2.0,0,0,1,0,0,0,0,0,1
TheJudge_007,2.0,1.75,0,0,1,0,0,0,0,0,1
TheJudge_008,2.75,2.75,0,0,1,0,0,0,0,0,1
TheJudge_009,2.75,2.75,0,0,1,0,0,0,0,0,1
TheJudge_010,2.75,2.75,0,0,1,0,0,0,0,0,1
TheJudge_011,2.125,2.5,0,0,1,0,0,0,0,0,1
TheJudge_012,3.0,2.5,0,0,1,0,0,0,0,0,1
TheJudge_013,3.0,2.5,0,0,1,0,0,0,0,0,1
TheJudge_014,2.125,3.5,0,0,1,0,0,0,0,0,1
TheJudge_015,2.0,2.75,0,0,1,0,0,0,0,0,1
TheJudge_016,1.875,2.25,0,0,1,0,0,0,0,0,1
TheJudge_017,2.875,2.75,0,0,1,0,0,0,0,0,1
TheJudge_018,2.125,3.5,0,0,1,0,0,0,0,0,1
TheJudge_019,2.875,3.0,0,0,1,0,0,0,0,0,1
TheJudge_020,3.375,2.75,0,0,1,0,0,0,0,0,1
TheJudge_021,3.125,2.75,0,0,1,0,0,0,0,0,1
TheJudge_022,2.0,2.5,0,0,1,0,0,0,0,0,1
TheJudge_023,1.875,3.5,0,0,1,0,0,0,0,0,1
TheJudge_024,2.5,2.25,0,0,1,0,0,0,0,0,1
TheJudge_025,3.0,3.5,0,0,1,0,0,0,0,0,1
TheJudge_026,2.0,2.5,0,0,1,0,0,0,0,0,1
TheJudge_027,4.0,3.0,0,0,1,0,0,0,0,0,1
TheJudge_028,3.875,3.0,0,0,1,0,0,0,0,0,1
TheJudge_029,3.0,2.75,0,0,1,0,0,0,0,0,1
TheJudge_030,2.375,3.5,0,0,1,0,0,0,0,0,1
TheJudge_031,2.75,3.5,0,0,1,0,0,0,0,0,1
TheJudge_032,2.5,3.0,0,0,1,0,0,0,0,0,1
TheJudge_033,1.5,4.5,0,0,1,0,0,0,0,0,1
TheJudge_034,1.25,4.75,0,0,1,0,0,0,0,0,1
TheJudge_035,1.25,5.0,0,0,1,0,0,0,0,0,1
TheJudge_036,1.625,4.0,0,0,1,0,0,0,0,0,1
TheJudge_037,1.375,5.0,0,0,1,0,0,0,0,0,1
TheJudge_038,1.625,4.0,0,0,1,0,0,0,0,0,1
TheJudge_039,1.75,2.75,0,0,1,0,0,0,0,0,1
TheJudge_040,1.75,3.25,0,0,1,0,0,0,0,0,1
TheJudge_041,1.0,3.25,0,0,1,0,0,0,0,0,1
TheJudge_042,1.25,4.75,0,0,1,0,0,0,0,0,1
TheJudge_043,2.0,4.0,0,0,1,0,0,0,0,0,1
TheJudge_044,2.125,4.0,0,0,1,0,0,0,0,0,1
TheJudge_045,1.125,5.0,0,0,1,0,0,0,0,0,1
TheJudge_046,3.375,1.5,0,0,1,0,0,0,0,0,1
TheJudge_047,4.125,1.25,0,0,1,0,0,0,0,0,1
TheJudge_048,4.25,2.0,0,0,1,0,0,0,0,0,1
TheJudge_049,3.625,1.25,0,0,1,0,0,0,0,0,1
TheJudge_050,4.5,2.25,0,0,1,0,0,0,0,0,1
TheJudge_051,2.875,2.75,0,0,1,0,0,0,0,0,1
TheJudge_052,2.75,3.25,0,0,1,0,0,0,0,0,1
TheJudge_053,2.625,3.0,0,0,1,0,0,0,0,0,1
TheJudge_054,2.75,2.0,0,0,1,0,0,0,0,0,1
TheJudge_055,4.0,3.25,0,0,1,0,0,0,0,0,1
TheJudge_056,3.0,2.75,0,0,1,0,0,0,0,0,1
TheJudge_057,1.625,2.75,0,0,1,0,0,0,0,0,1
TheJudge_058,1.625,5.0,0,0,1,0,0,0,0,0,1
TheJudge_059,1.375,4.5,0,0,1,0,0,0,0,0,1
TheJudge_060,2.75,3.25,0,0,1,0,0,0,0,0,1
TheJudge_061,2.0,4.5,0,0,1,0,0,0,0,0,1
TheJudge_062,3.25,2.75,0,0,1,0,0,0,0,0,1
TheJudge_063,3.375,3.5,0,0,1,0,0,0,0,0,1
TheJudge_064,3.625,3.25,0,0,1,0,0,0,0,0,1
TheJudge_065,3.5,3.5,0,0,1,0,0,0,0,0,1
TheJudge_066,4.5,3.25,0,0,1,0,0,0,0,0,1
TheJudge_067,3.5,3.0,0,0,1,0,0,0,0,0,1
TheJudge_068,4.625,2.0,0,0,1,0,0,0,0,0,1
TheJudge_069,4.5,3.0,0,0,1,0,0,0,0,0,1
TheJudge_070,2.0,2.25,0,0,1,0,0,0,0,0,1
TheJudge_071,3.0,2.5,0,0,1,0,0,0,0,0,1
TheJudge_072,2.125,4.5,0,0,1,0,0,0,0,0,1
TheJudge_073,1.875,3.25,0,0,1,0,0,0,0,0,1
TheJudge_074,2.125,3.25,0,0,1,0,0,0,0,0,1
TheJudge_075,4.25,3.0,0,0,1,0,0,0,0,0,1
TheJudge_076,4.25,3.0,0,0,1,0,0,0,0,0,1
TheJudge_077,4.5,3.0,0,0,1,0,0,0,0,0,1
TheJudge_078,4.375,3.25,0,0,1,0,0,0,0,0,1
TheJudge_079,4.25,4.5,0,0,1,0,0,0,0,0,1
TheJudge_080,3.875,3.5,0,0,1,0,0,0,0,0,1
TheJudge_081,2.375,3.0,0,0,1,0,0,0,0,0,1
TheJudge_082,2.375,2.75,0,0,1,0,0,0,0,0,1
TheJudge_083,3.0,2.75,0,0,1,0,0,0,0,0,1
TheJudge_084,1.25,4.5,0,0,1,0,0,0,0,0,1
TheJudge_085,2.125,2.75,0,0,1,0,0,0,0,0,1
TheJudge_086,3.125,2.75,0,0,1,0,0,0,0,0,1
TheJudge_087,4.125,3.0,0,0,1,0,0,0,0,0,1
TheJudge_088,4.0,2.75,0,0,1,0,0,0,0,0,1
TheJudge_089,4.25,2.5,0,0,1,0,0,0,0,0,1
TheJudge_090,4.25,3.0,0,0,1,0,0,0,0,0,1
TheJudge_091,3.875,3.0,0,0,1,0,0,0,0,0,1
TheJudge_092,2.0,2.5,0,0,1,0,0,0,0,0,1
TheJudge_093,1.625,1.75,0,0,1,0,0,0,0,0,1
TheJudge_094,4.375,3.25,0,0,1,0,0,0,0,0,1
TheJudge_095,3.125,2.25,0,0,1,0,0,0,0,0,1
TheJudge_096,3.625,2.75,0,0,1,0,0,0,0,0,1
TheJudge_097,3.375,2.5,0,0,1,0,0,0,0,0,1
TheJudge_098,3.25,2.25,0,0,1,0,0,0,0,0,1
TheJudge_099,4.125,2.0,0,0,1,0,0,0,0,0,1
TheJudge_100,2.875,2.75,0,0,1,0,0,0,0,0,1
TheJudge_101,3.75,3.25,0,0,1,0,0,0,0,0,1
TheJudge_102,4.875,2.75,0,0,1,0,0,0,0,0,1
TheJudge_103,4.75,3.5,0,0,1,0,0,0,0,0,1
TheJudge_104,1.125,5.0,0,0,1,0,0,0,0,0,1
TheJudge_105,1.0,5.0,0,0,1,0,0,0,0,0,1
TheJudge_106,1.0,5.0,0,0,1,0,0,0,0,0,1
TheJudge_107,1.25,5.0,0,0,1,0,0,0,0,0,1
TheJudge_108,1.0,5.0,0,0,1,0,0,0,0,0,1
TheJudge_109,1.25,4.75,0,0,1,0,0,0,0,0,1
TheJudge_110,1.125,5.0,0,0,1,0,0,0,0,0,1
TheJudge_111,1.125,4.75,0,0,1,0,0,0,0,0,1
TheJudge_112,1.375,3.5,0,0,1,0,0,0,0,0,1
TheJudge_113,2.875,3.0,0,0,1,0,0,0,0,0,1
TheJudge_114,2.0,2.75,0,0,1,0,0,0,0,0,1
TheJudge_115,1.5,2.0,0,0,1,0,0,0,0,0,1
TheJudge_116,1.625,2.5,0,0,1,0,0,0,0,0,1
TheJudge_117,3.375,2.5,0,0,1,0,0,0,0,0,1
TheJudge_118,3.25,2.75,0,0,1,0,0,0,0,0,1
TheJudge_119,2.875,3.0,0,0,1,0,0,0,0,0,1
TheJudge_120,2.25,2.5,0,0,1,0,0,0,0,0,1
TheJudge_121,3.25,2.5,0,0,1,0,0,0,0,0,1
TheJudge_122,1.875,4.5,0,0,1,0,0,0,0,0,1
TheJudge_123,3.125,3.0,0,0,1,0,0,0,0,0,1
TheJudge_124,1.375,3.75,0,0,1,0,0,0,0,0,1
TheJudge_125,1.5,5.0,0,0,1,0,0,0,0,0,1
TheJudge_126,1.875,3.75,0,0,1,0,0,0,0,0,1
TheJudge_127,2.25,2.5,0,0,1,0,0,0,0,0,1
TheJudge_128,1.625,3.25,0,0,1,0,0,0,0,0,1
TheJudge_129,1.75,4.0,0,0,1,0,0,0,0,0,1
TheJudge_130,1.875,4.0,0,0,1,0,0,0,0,0,1
TheJudge_131,1.625,2.25,0,0,1,0,0,0,0,0,1
TheJudge_132,2.875,2.25,0,0,1,0,0,0,0,0,1
TheJudge_133,2.375,2.75,0,0,1,0,0,0,0,0,1
TheJudge_134,1.875,2.5,0,0,1,0,0,0,0,0,1
TheJudge_135,1.75,2.0,0,0,1,0,0,0,0,0,1
TheJudge_136,2.75,2.0,0,0,1,0,0,0,0,0,1
TheJudge_137,2.25,3.5,0,0,1,0,0,0,0,0,1
TheJudge_138,2.375,3.0,0,0,1,0,0,0,0,0,1
TheJudge_139,2.0,4.5,0,0,1,0,0,0,0,0,1
TheJudge_140,1.625,5.0,0,0,1,0,0,0,0,0,1
TheJudge_141,2.0,3.0,0,0,1,0,0,0,0,0,1
TheJudge_142,1.5,3.25,0,0,1,0,0,0,0,0,1
TheJudge_143,3.625,2.25,0,0,1,0,0,0,0,0,1
TheJudge_144,4.0,2.25,0,0,1,0,0,0,0,0,1
TheJudge_145,3.25,2.25,0,0,1,0,0,0,0,0,1
TheJudge_146,4.375,2.5,0,0,1,0,0,0,0,0,1
TheJudge_147,4.25,3.0,0,0,1,0,0,0,0,0,1
TheJudge_148,4.875,1.5,0,0,1,0,0,0,0,0,1
TheJudge_149,3.0,2.25,0,0,1,0,0,0,0,0,1
TheJudge_150,3.625,2.0,0,0,1,0,0,0,0,0,1
TheJudge_151,4.375,3.0,0,0,1,0,0,0,0,0,1
TheJudge_152,3.125,3.0,0,0,1,0,0,0,0,0,1
TheJudge_153,4.5,1.75,0,0,1,0,0,0,0,0,1
